,CORN,SOYABEAN,WHEAT_SRW,WHEAT_HRW
2010-01-05,-0.33224835656799534,-0.31253300574159454,-0.27818458090110904,-0.30292881974738595
2010-01-12,-0.3275036035417668,-0.2573397746268576,-0.2784781473097684,-0.31245020310602006
2010-01-19,-0.27270910348581406,-0.23249693960121448,-0.26309321507025324,-0.3029543525882655
2010-01-26,-0.23976562548993513,-0.20479027911587708,-0.23827815859642287,-0.26711343597417425
2010-02-02,-0.2165328806127986,-0.16133843288281421,-0.20901839398620595,-0.24565847783254455
2010-02-09,-0.1978281448551624,-0.11878555325451542,-0.18961698165626714,-0.22550788142764372
2010-02-16,-0.19775970279102428,-0.15068103587150564,-0.2090118452782516,-0.2392326919418221
2010-02-23,-0.2379738177284455,-0.18497110882889337,-0.23688365240613496,-0.25927579126636957
2010-03-02,-0.2613605063513262,-0.19297021844582404,-0.24444940536591306,-0.2644581856788281
2010-03-09,-0.24794176819673605,-0.15433778011894522,-0.23998967347363534,-0.24533213836075368
2010-03-16,-0.228007247153818,-0.1476634094476229,-0.22597013757069334,-0.23383950078178925
2010-03-23,-0.21135420171268413,-0.20259247549794498,-0.22263733435265237,-0.22114812306302978
2010-03-30,-0.17940149307809103,-0.19482033718971445,-0.20018565984410586,-0.18028569758150956
2010-04-06,-0.16241454104164219,-0.15380317842490157,-0.18826634061110095,-0.158846977516946
2010-04-13,-0.1647512222298891,-0.199405447099412,-0.2002192056490374,-0.16869031591471242
2010-04-20,-0.1840444593335922,-0.24862868303982058,-0.2217803165929443,-0.19716075470751634
2010-04-27,-0.19993841133446133,-0.2761162428849979,-0.24411764705882352,-0.22267319531392057
2010-05-04,-0.23295045768164752,-0.26124153833594077,-0.2670855331639112,-0.24490884780540484
2010-05-11,-0.23121138085430057,-0.2120851836420851,-0.278756167561268,-0.24865936555891238
2010-05-18,-0.2227999830331278,-0.16830105417994606,-0.2502781971024216,-0.1988609891861406
2010-05-25,-0.22747677877905356,-0.1547349063724803,-0.22791472479064218,-0.17386458457503873
2010-06-01,-0.20945005958643523,-0.1462935233358456,-0.2113041991716415,-0.18539547307911816
2010-06-08,-0.17286249623631014,-0.13020429899302866,-0.19215729661713857,-0.13880518976492973
2010-06-15,-0.18098842769584042,-0.17200762716803916,-0.18554283033763144,-0.12153370849686501
2010-06-22,-0.2046126376535858,-0.20490265539711208,-0.21086077811918466,-0.1797521254183386
2010-06-29,-0.19143509453656885,-0.19912010398771054,-0.23771264627113448,-0.20861425307850895
2010-07-06,-0.23501544042298578,-0.17800049254226763,-0.24966789135682513,-0.23135068793264627
2010-07-13,-0.2719943708227275,-0.28082194078671474,-0.2744461314299814,-0.3211576503443805
2010-07-20,-0.2875547240267651,-0.3358196021645926,-0.28882788054619785,-0.3867036602283641
2010-07-27,-0.2807633228101588,-0.34535651442320026,-0.2957082954853977,-0.4228503706692218
2010-08-03,-0.3139948357568511,-0.3791093104364846,-0.2820018165929034,-0.39924876151052596
2010-08-10,-0.33201030600488085,-0.39197004846452443,-0.26154914848894484,-0.38222910159669055
2010-08-17,-0.3409543902772815,-0.3899210318310421,-0.26547863833676033,-0.39536063857509246
2010-08-24,-0.3414597834369617,-0.3720638189287431,-0.2558400371867057,-0.4234286645102739
2010-08-31,-0.3650631855848541,-0.38294762410901245,-0.28489525070844307,-0.45736310396022845
2010-09-07,-0.3692831088300251,-0.3853802933031494,-0.28665382315817445,-0.464718684969167
2010-09-14,-0.3538212509076071,-0.38825310271371677,-0.2791634029151694,-0.47190393972688743
2010-09-21,-0.3479043783695551,-0.3787628696633619,-0.2590854196327941,-0.4837519165275912
2010-09-28,-0.35712960087173784,-0.3727985537355469,-0.24259544487381945,-0.4472533224507177
2010-10-05,-0.33931688070995286,-0.34548543380742686,-0.23147021919491959,-0.4212832776175543
2010-10-12,-0.31696776112235125,-0.3303089472146276,-0.21859597277796353,-0.40906613372093026
2010-10-19,-0.30755792261746706,-0.3440713256571782,-0.2192904381182317,-0.4041184587623394
2010-10-26,-0.29056863439479025,-0.4003459964309268,-0.2317135069370266,-0.4056599518633477
2010-11-02,-0.28195567943311034,-0.4087629203475322,-0.25073487116542187,-0.40577793136869367
2010-11-09,-0.2642188840384293,-0.3731259905498839,-0.2614996231094142,-0.3630445630354211
2010-11-16,-0.25183394049005914,-0.32039765417528965,-0.2088624057127994,-0.3173771948616632
2010-11-23,-0.24412508256454993,-0.3059900939128606,-0.2090601567975122,-0.3153756808547216
2010-11-30,-0.29104670442066277,-0.30628329393918013,-0.25625336522088216,-0.34677746342841265
2010-12-07,-0.2886495076292368,-0.3083741092738176,-0.2986751364587141,-0.35376362495006564
2010-12-14,-0.29339909038904843,-0.306445622093297,-0.31247523869469546,-0.35177851668268934
2010-12-21,-0.29447564435498985,-0.30949203834592576,-0.3125024283202105,-0.3533026249090869
2010-12-28,-0.2991865642370172,-0.34068465989647406,-0.3257519278805962,-0.3555097936763718
2011-01-04,-0.2881461889877374,-0.33193622598641637,-0.32310364984598006,-0.3500366002087728
2011-01-11,-0.2707764384593653,-0.31983935707630756,-0.30044268179487343,-0.33871572921938536
2011-01-18,-0.2651450530289287,-0.31213189184934637,-0.2868488711450266,-0.3574614417098561
2011-01-25,-0.25719194463564354,-0.3008663702487045,-0.29054275972028976,-0.36467339097022095
2011-02-01,-0.25593702999315987,-0.30695295630837827,-0.2897092589047042,-0.374239430709515
2011-02-08,-0.24829296718012078,-0.29921085092364624,-0.28821741734596906,-0.3652204898228781
2011-02-15,-0.23756396422161338,-0.26214633883929506,-0.2760956551876241,-0.36031884364161343
2011-02-22,-0.26302795092698084,-0.2640059913232305,-0.28533965018065227,-0.35056579772216656
2011-03-01,-0.2668707872291576,-0.26474827919610056,-0.2943435490594464,-0.3685539127298954
2011-03-08,-0.2570008586100851,-0.273833549759087,-0.293161882788615,-0.36139903470191814
2011-03-15,-0.22438894393091782,-0.21624303700580402,-0.27241305598430715,-0.31509435877653363
2011-03-22,-0.21312918477843137,-0.24621170693599687,-0.265535342304694,-0.31954914581015464
2011-03-29,-0.2271446059086687,-0.24942171453427914,-0.27619622824803514,-0.32908073557702255
2011-04-05,-0.2189863255737797,-0.25458678085918074,-0.27954445645301446,-0.36104457670351026
2011-04-12,-0.2303033348542622,-0.21194852801292344,-0.2883034630387664,-0.3276902279056659
2011-04-19,-0.2417504561082231,-0.20247214370143926,-0.2802889225675433,-0.3179917537188397
2011-04-26,-0.26545131188762,-0.2534876444374913,-0.3086831151432732,-0.35329607227624227
2011-05-03,-0.263619386385796,-0.2520758517286343,-0.2989969422554712,-0.37795852649696027
2011-05-10,-0.2436043710388505,-0.22280854669659686,-0.2762619901339311,-0.3506739181839678
2011-05-17,-0.23751778073836335,-0.21482391450653046,-0.24748484691498732,-0.36551588451007505
2011-05-24,-0.2564920371219065,-0.22920433881729949,-0.2780543503868291,-0.36859470380878684
2011-05-31,-0.25839901364253115,-0.23653810584801266,-0.28202035935950703,-0.36038265670363145
2011-06-07,-0.2457633238594679,-0.2436515354357225,-0.27310040513964223,-0.32802900646611144
2011-06-14,-0.24058895233437852,-0.21484050976547772,-0.2596728482000422,-0.3245556003764959
2011-06-21,-0.22125682865399798,-0.18696270214507466,-0.2220894392742084,-0.32624560326974283
2011-06-28,-0.2527255637513645,-0.206286023762354,-0.26668349839907274,-0.33424309116354156
2011-07-05,-0.23589272046695467,-0.20821930701470423,-0.25692325756065015,-0.316622691292876
2011-07-12,-0.2360830638321189,-0.2493281993747443,-0.2567079439554213,-0.2956430943387614
2011-07-19,-0.23690717335170886,-0.28875396413081267,-0.2584924184167892,-0.34749885268471775
2011-07-26,-0.24134260415180483,-0.31234467442382385,-0.254290426534521,-0.3629893038515123
2011-08-02,-0.2352128436109389,-0.2965214583165872,-0.23769002825954247,-0.39167450295540035
2011-08-09,-0.22575978296439392,-0.21264636869849074,-0.2225679579678472,-0.372901512078288
2011-08-16,-0.22749973494634756,-0.24449503346308335,-0.23786305784263398,-0.39940616588506256
2011-08-23,-0.2254192325070686,-0.3118586528817221,-0.25146426042593367,-0.4079702373713363
2011-08-30,-0.24748015873015872,-0.35771797006413436,-0.2923542471769262,-0.45116837840384433
2011-09-06,-0.24855714383295593,-0.3503850966283932,-0.2904636576168773,-0.4858326408457304
2011-09-13,-0.23881229983067945,-0.32121058532981733,-0.24274333217873226,-0.44607074838427674
2011-09-20,-0.21567809822792303,-0.26002136578569723,-0.2009607009223594,-0.40157879313292144
2011-09-27,-0.18603738249855367,-0.17646523358655586,-0.17993981438226042,-0.353203125
2011-10-04,-0.1529062251197259,-0.12322981701782583,-0.1794537250165227,-0.28977690034255227
2011-10-11,-0.14797044175304963,-0.13002071297197257,-0.17464224297354905,-0.2730681818181818
2011-10-18,-0.15252241644778552,-0.1562932857038711,-0.1689845315735276,-0.26463034085453674
2011-10-25,-0.1725333106208272,-0.21603195945373901,-0.17943481579388276,-0.26330728421155214
2011-11-01,-0.17836273322337903,-0.21155903234906903,-0.16310859563763944,-0.2545150581834306
2011-11-08,-0.19134149522513985,-0.19907699039547275,-0.18472409905706158,-0.2511092691013701
2011-11-15,-0.183496550922946,-0.15596988780558665,-0.16210267638412543,-0.22357243556530226
2011-11-22,-0.16338643366955172,-0.12503550098294428,-0.13668832745675127,-0.20425355261057002
2011-11-29,-0.2230371164057826,-0.1293873499954886,-0.18164569578572956,-0.2438336654174549
2011-12-06,-0.2027917270009011,-0.1234077507000232,-0.19001237615108693,-0.2517153541044326
2011-12-13,-0.18594104014727336,-0.132970866299684,-0.17727043698132483,-0.24962611901000525
2011-12-20,-0.18319118624266148,-0.15379433852013763,-0.173497408977119,-0.2421039315182098
2011-12-27,-0.19863135841654275,-0.20391793464587477,-0.19878782777052906,-0.2614658210007047
2012-01-03,-0.21303652956731006,-0.22449435831878373,-0.19704107296155854,-0.28740272373540854
2012-01-10,-0.22226625327870564,-0.2331162807617454,-0.17922991981341396,-0.2857725566976668
2012-01-17,-0.19620911858059797,-0.2093002835180045,-0.15911627083686067,-0.2679884917080585
2012-01-24,-0.18403859160980438,-0.21842728848228768,-0.15847200242678527,-0.24148346927174905
2012-01-31,-0.2017507605455054,-0.20723035528041767,-0.19790001909073554,-0.2769747523548474
2012-02-07,-0.19985086185964673,-0.23675312732798112,-0.1995546605525807,-0.2995157068062827
2012-02-14,-0.18775793550417924,-0.24127630990884255,-0.1842119168305322,-0.26850250097222783
2012-02-21,-0.18827358214503206,-0.25529642157735444,-0.16315718640196128,-0.2541937063793315
2012-02-28,-0.23587013510298993,-0.2998270072249924,-0.2012216037544631,-0.26491513327790817
2012-03-06,-0.24852734389845324,-0.32250076944218925,-0.2340919402799063,-0.28697209824817077
2012-03-13,-0.24206311870946826,-0.31976291726549466,-0.20420026964787943,-0.2586546808103694
2012-03-20,-0.25410151754184046,-0.3236965262817989,-0.20555861005228723,-0.2569874197390976
2012-03-27,-0.23609778973818893,-0.32403086413837967,-0.21151804232891558,-0.25286029706945
2012-04-03,-0.2086612921906691,-0.3043856092872848,-0.1930721562788646,-0.21550420054566574
2012-04-10,-0.20187595387023663,-0.27660502649413987,-0.17445322645842112,-0.1756739910637544
2012-04-17,-0.1807074527347926,-0.26636086756208305,-0.16300948479133287,-0.1439178432549521
2012-04-24,-0.1679711616174971,-0.28808128363689695,-0.17976529932839277,-0.12873791488590847
2012-05-01,-0.1896090219225785,-0.2972274797354709,-0.21365277447011194,-0.15425952045133992
2012-05-08,-0.1869891758611359,-0.27761141688001845,-0.16652484793880845,-0.1557293871763338
2012-05-15,-0.1573622620988406,-0.2652957205841081,-0.1560315362866613,-0.14670585515669893
2012-05-22,-0.18291310412667297,-0.2584478930098905,-0.2521015334870609,-0.22773099856171367
2012-05-29,-0.16120516420784575,-0.2568831912009236,-0.25571267744858456,-0.25733235383805064
2012-06-05,-0.14790160878722874,-0.23816597977289547,-0.19862682859508696,-0.24522570284232725
2012-06-12,-0.15116235576309375,-0.26722375419270816,-0.19760668047356938,-0.237750521985922
2012-06-19,-0.17828209072757106,-0.2698410424421067,-0.2061041583451292,-0.2514077955146411
2012-06-26,-0.22436790749300067,-0.30579246708901514,-0.285746794519688,-0.36945540753512307
2012-07-03,-0.25363717730471563,-0.31016474622498014,-0.2865738638670786,-0.42433006887645286
2012-07-10,-0.2299156792842419,-0.27817183966658204,-0.27822565084844464,-0.44478247244999214
2012-07-17,-0.22832147403125846,-0.26289457404530137,-0.2701209041921256,-0.4512757492815958
2012-07-24,-0.22942107722457405,-0.246630830461198,-0.2656631962591326,-0.41369744568937566
2012-07-31,-0.2399028199296764,-0.2616240467346641,-0.2818304671976792,-0.41136732666068876
2012-08-07,-0.23733338543921662,-0.24620332994760008,-0.28375872976104727,-0.4321403161443994
2012-08-14,-0.24271538616804222,-0.24498202181580975,-0.28025731031817597,-0.42898894594076903
2012-08-21,-0.24749360983843743,-0.24966715540735385,-0.2736849571495095,-0.45273650460970344
2012-08-28,-0.2705275329411284,-0.2541289226927321,-0.29067692457245226,-0.4697810810104757
2012-09-04,-0.2787246577293614,-0.25368162414748036,-0.29010112889660783,-0.4595053603651417
2012-09-11,-0.2599064180925021,-0.24590248119206773,-0.2826376802743937,-0.47481868272260913
2012-09-18,-0.23429635127291726,-0.22242800523378314,-0.257550181950146,-0.4979090302182922
2012-09-25,-0.2376645799056135,-0.2110153351123378,-0.2527534414875875,-0.5123620685455387
2012-10-02,-0.2316339677812226,-0.20140342270910705,-0.24668920354922694,-0.49902628420253287
2012-10-09,-0.22634070722079555,-0.202704351470206,-0.2406525821518015,-0.4796697102221341
2012-10-16,-0.21877411682347433,-0.19031184573394114,-0.22724764761854416,-0.4840168599821555
2012-10-23,-0.22990873266452871,-0.2032909315846955,-0.24020726789078223,-0.49283232887599115
2012-10-30,-0.21299659208439725,-0.28397389740043394,-0.23378112631412995,-0.5045096499369363
2012-11-06,-0.21536250143714167,-0.28459487929144184,-0.2425894148364711,-0.48445178373145803
2012-11-13,-0.1933538330278343,-0.23275878093892613,-0.21717997152438814,-0.46874573650461593
2012-11-20,-0.218579409366458,-0.21393308613132672,-0.1996858866655288,-0.4400144768487169
2012-11-27,-0.27832745390665686,-0.21035787127069203,-0.272063965909374,-0.4214663668791101
2012-12-04,-0.2940109023283027,-0.2072740674280076,-0.2673295354021443,-0.4444053525426963
2012-12-11,-0.26105570750335433,-0.22903819497023845,-0.22349856822227382,-0.4224495455245725
2012-12-18,-0.24102846708187955,-0.23907161270270763,-0.17535840039051784,-0.3552933685183711
2012-12-24,-0.2141011244090632,-0.2455919884454706,-0.1682775382026355,-0.3335621012019587
2012-12-31,-0.21241927971866953,-0.24604323770166936,-0.16219523314550394,-0.3097545885749639
2013-01-08,-0.19478892654755844,-0.18886883874599508,-0.15064619588939707,-0.2741363727066778
2013-01-15,-0.2114218692524317,-0.16951066433474615,-0.12790286620302477,-0.28826015868936367
2013-01-22,-0.21956167014825897,-0.18611591794418314,-0.1253199908934024,-0.2972537484522258
2013-01-29,-0.22060917950925002,-0.1847957780503215,-0.1325556319401145,-0.2857293528875107
2013-02-05,-0.22167027357488384,-0.20121213618785866,-0.11262879806721625,-0.26550780405996316
2013-02-12,-0.1791509665538106,-0.1998529626663374,-0.09574702583552142,-0.2340739084478413
2013-02-19,-0.15155593804934836,-0.1865158950758507,-0.08442241249812228,-0.2129896600994556
2013-02-26,-0.17373627066478048,-0.24375806700458713,-0.09309492070788325,-0.21100602761909046
2013-03-05,-0.18517885889133293,-0.23577402694159866,-0.0903421866840963,-0.22240740412404036
2013-03-12,-0.1923026420156963,-0.2439271818012541,-0.09083843504878515,-0.20604601044567836
2013-03-19,-0.2170417164377058,-0.19948962527098174,-0.1103249530384634,-0.21397984741282794
2013-03-26,-0.229092752711492,-0.21819899204731114,-0.12468416518097059,-0.2264806549339747
2013-04-02,-0.1714909029516275,-0.18620929925748883,-0.12042864898840688,-0.2519314970466591
2013-04-09,-0.14376442842844103,-0.14188594986683964,-0.12560422588575904,-0.244583972099898
2013-04-16,-0.14102135264289406,-0.16082304902251524,-0.10893766711739647,-0.24011036151419948
2013-04-23,-0.12508317392206858,-0.16055067378327892,-0.11539068882892903,-0.24591610922319385
2013-04-30,-0.16809925871107437,-0.22406103703865843,-0.1622801852173799,-0.322553324118492
2013-05-07,-0.16519899068917188,-0.19160059319994943,-0.1512348586872387,-0.3380101322825781
2013-05-14,-0.1589062580420927,-0.19139592208283684,-0.14729463620304825,-0.3334539533200651
2013-05-21,-0.14091053754484123,-0.1888773992628963,-0.10231191488658825,-0.30271408740606004
2013-05-28,-0.16044340822526335,-0.19888377152789685,-0.11790884758419667,-0.2947261228427484
2013-06-04,-0.15557289594570675,-0.2015977417330901,-0.13385653875642037,-0.28967273170500485
2013-06-11,-0.14996953855226466,-0.21199198255410742,-0.14056644425002937,-0.22974641799632328
2013-06-18,-0.14575834655739905,-0.19441540404314836,-0.12400948301269159,-0.16481761699219705
2013-06-25,-0.16264846696249727,-0.24190019955936048,-0.16084350107041687,-0.17845081321097203
2013-07-02,-0.09438907625275707,-0.2220932377890871,-0.08080315909766903,-0.14389954421276627
2013-07-09,-0.08614053780744993,-0.22175012645422357,-0.10869768953601289,-0.12056032412762187
2013-07-16,-0.08332700697718004,-0.23636759674437385,-0.11519923072300019,-0.12891821353431515
2013-07-23,-0.05676761653881067,-0.20775423761805767,-0.08613098351111594,-0.15183783783783783
2013-07-30,-0.04533603181342449,-0.15273330847925964,-0.09219177891766407,-0.168202639328171
2013-08-06,-0.032035384848026614,-0.09460735563506309,-0.09052077078443146,-0.21520970838223025
2013-08-13,-0.03358830567312594,-0.12055166528162085,-0.07922768139038398,-0.27183537063101915
2013-08-20,-0.06670624743824946,-0.19129981915733313,-0.07303668465123475,-0.28466237190827465
2013-08-27,-0.09764293840034102,-0.2427224825555265,-0.1178072863466122,-0.3133100884258032
2013-09-03,-0.09099766555698796,-0.25548402534068637,-0.10926572840466404,-0.30116377500808655
2013-09-10,-0.08380967378880792,-0.24124150567974234,-0.10206318143695835,-0.3029687644700808
2013-09-17,-0.05597271141832259,-0.2460554744722375,-0.09504252598810384,-0.3004980169171726
2013-09-24,-0.03810881028202987,-0.23081395282035727,-0.13247220187762168,-0.3097107132999994
2013-10-01,-0.024741981522676353,-0.19768295584586273,-0.20195813119479006,-0.36428770819763656
2013-10-08,-0.017894574556055445,-0.19687040364197914,-0.22195757318261214,-0.40245584817489216
2013-10-15,-0.017316550157721742,-0.1896101152958571,-0.22407281362657466,-0.42535634360994323
2013-10-22,-0.01102530820322507,-0.20862039850444666,-0.22724544658858833,-0.4145603228547154
2013-10-29,-0.006496925744915655,-0.25804897292118684,-0.20352211414616378,-0.4147705882352941
2013-11-05,-0.006901451334618898,-0.23565614453047448,-0.12813440757304193,-0.39581603650665714
2013-11-12,-0.03612191628546628,-0.27274592525345076,-0.06497031924279138,-0.3396410894847114
2013-11-19,-0.02386431936090496,-0.2718649477664162,-0.05245275661233685,-0.2964145428251025
2013-11-26,-0.036600903415228085,-0.2805938917382605,-0.03952034341172079,-0.28378908384823603
2013-12-03,-0.048957680904913974,-0.27399414380219067,-0.03513533176510012,-0.3016922280675319
2013-12-10,-0.06204600228182564,-0.2797885252257023,-0.019406713941083845,-0.2723255708325493
2013-12-17,-0.051371987192465066,-0.27675680206493347,-0.005421464574027784,-0.23742801432911623
2013-12-24,-0.05721332821668356,-0.29035656082347266,0.002088072185369998,-0.19787743488450374
2013-12-31,-0.04643293843302461,-0.2905008969886709,0.0024599262022139334,-0.1715585766973912
2014-01-07,-0.04983867110518286,-0.24398472654448455,0.0012893968728194746,-0.16836850736799264
2014-01-14,-0.08158605571324704,-0.25664933898781833,-0.020509426490846795,-0.15938711971363861
2014-01-21,-0.07825555595883316,-0.2503033917100831,-0.01745249799471899,-0.15492347506352683
2014-01-28,-0.08719914482301751,-0.2436520966786887,-0.012892915715229866,-0.14301127317474296
2014-02-04,-0.11750377213460116,-0.25321411551933865,-0.03582781213385384,-0.14860711981701952
2014-02-11,-0.12488321971343737,-0.266471335628812,-0.04927766691063289,-0.18680606722731777
2014-02-18,-0.13919641010351613,-0.2758460409361494,-0.07901085970412022,-0.2275351486488228
2014-02-25,-0.1781388081720779,-0.30129861723754364,-0.11049452033975582,-0.26788713469936176
2014-03-04,-0.21569712555747259,-0.30516229157142516,-0.14944028447967023,-0.3141496400785283
2014-03-11,-0.2279374255586611,-0.2831033999851719,-0.19164725696842666,-0.3357198533444961
2014-03-18,-0.22813547512710558,-0.271229938649141,-0.2061366908081614,-0.33610695143683805
2014-03-25,-0.23592271741187776,-0.27632526328090545,-0.22348828457683853,-0.34639115465774895
2014-04-01,-0.25224524483431643,-0.27433189911103806,-0.22821700762917446,-0.3594818480013343
2014-04-08,-0.24121675528354725,-0.26031972066584697,-0.22766454769030306,-0.3269480338037964
2014-04-15,-0.23213269650966764,-0.2546613696137072,-0.22114703078401515,-0.30361375870413354
2014-04-22,-0.22548951326191452,-0.22451292825287328,-0.2055786799286448,-0.32367790138647523
2014-04-29,-0.25449822658868215,-0.2690491475492199,-0.2605754996895404,-0.34779588634054104
2014-05-06,-0.25648581933992526,-0.23219462024484042,-0.26246844681390796,-0.34845897080943733
2014-05-13,-0.2546186113521129,-0.21342844680821127,-0.2560313237082439,-0.3326859369526069
2014-05-20,-0.22459326944506353,-0.2014548816327144,-0.22129687775482026,-0.31601908823727093
2014-05-27,-0.2099545761171878,-0.20239968239497713,-0.2174158677995031,-0.3034454890422462
2014-06-03,-0.19852274792073313,-0.15957360201897336,-0.17659727481348514,-0.28847978272866504
2014-06-10,-0.17546362721373965,-0.13706176941776685,-0.14320867853709893,-0.27502443730719917
2014-06-17,-0.16339316904462203,-0.08186858696850884,-0.13373742492425514,-0.26577529511769554
2014-06-24,-0.17126264998505486,-0.09169934195716702,-0.15751449513182364,-0.3017097200121881
2014-07-01,-0.1636305045884641,-0.04885662225118017,-0.16017305633271475,-0.31306196417369486
2014-07-08,-0.1557013192525602,-0.016547620568285935,-0.14537763976436846,-0.2799664710813076
2014-07-15,-0.13612998443787355,0.010485029242440576,-0.1374163625159071,-0.22671966926379392
2014-07-22,-0.12275115656220863,0.021683200994784848,-0.11802879814064968,-0.21400751494875603
2014-07-29,-0.12372236267754148,0.008440156388506204,-0.09460659565655415,-0.20371769876097878
2014-08-05,-0.126043860546209,0.01597702002800344,-0.10034833091436865,-0.2164510596055616
2014-08-12,-0.12751225758655987,0.011002632688740854,-0.11543567652603572,-0.19560452091938876
2014-08-19,-0.13423983762048441,0.01724671608258581,-0.12316591790930513,-0.2016439582933538
2014-08-26,-0.14385756865854332,0.032598493669271984,-0.13048327293119177,-0.19706126638350743
2014-09-02,-0.1493228284220223,0.04040661047343577,-0.12662619439516043,-0.19307175874972485
2014-09-09,-0.13384957201502315,0.046885482521798943,-0.09650213559217871,-0.2088177552989718
2014-09-16,-0.13735949055119076,0.060154593911826267,-0.0795617329358473,-0.16616070875410446
2014-09-23,-0.12689335472602462,0.06526822275135327,-0.05647098251689661,-0.13972509238119896
2014-09-30,-0.13353122026130188,0.06262531795589131,-0.06324902910772233,-0.1386508099241337
2014-10-07,-0.14771270620186114,0.050912061869136584,-0.07853953483288123,-0.14166961645180812
2014-10-14,-0.156252385909431,0.03891059238088278,-0.08841687813773633,-0.15243312366074516
2014-10-21,-0.16141148582561746,0.029199553953978507,-0.10918234793330202,-0.19098871992658079
2014-10-28,-0.18027114103834618,-0.008620020363300807,-0.13246020209706644,-0.18269044277874752
2014-11-04,-0.18553656876658559,-0.03292718143416466,-0.1521646253299876,-0.16922926874046196
2014-11-11,-0.19779023223587552,-0.05854472941819855,-0.16062441611668626,-0.1365383540979943
2014-11-18,-0.20515068401651493,-0.05182955117296275,-0.1885697675508922,-0.16895189402742272
2014-11-25,-0.25815926091144775,-0.05103052643962779,-0.2162582652664333,-0.2078009720392709
2014-12-02,-0.25125410389640807,-0.02069706663230079,-0.2135076111118333,-0.2766448032619245
2014-12-09,-0.2772996251674384,-0.05599434808930793,-0.2476009989653266,-0.27322579983452877
2014-12-16,-0.2757990681500197,-0.05080920075604158,-0.25971752665870146,-0.2777686952493835
2014-12-23,-0.27887310180986496,-0.06111519885813551,-0.2501654481435442,-0.3072701325722212
2014-12-30,-0.2779049031830448,-0.06704975245103333,-0.2589203676965614,-0.29965197136766397
2015-01-06,-0.24323690718115712,-0.07047565213385444,-0.23807967895509602,-0.28647481428164
2015-01-13,-0.20035830510647085,-0.03398858697652222,-0.20761571777435786,-0.22977787638337857
2015-01-20,-0.18583685186738622,-0.006235551335191419,-0.1781534229732499,-0.1763760086715645
2015-01-27,-0.1689618452821723,0.02662175495017674,-0.15412265873824624,-0.11233404416316985
2015-02-03,-0.14824464270378881,0.004063551694450967,-0.1102697740317194,-0.09319205827859188
2015-02-10,-0.14398947230910786,0.022221775551122345,-0.12402910055802799,-0.10061722718396184
2015-02-17,-0.13546160968208523,-0.0043564848080611274,-0.14020433186545347,-0.11013776868753135
2015-02-24,-0.15165313518407503,-0.03359996563472882,-0.1395918233877923,-0.08024779550013429
2015-03-03,-0.14697467698333627,-0.04783553863639659,-0.12198308993082245,-0.037569194138591264
2015-03-10,-0.12581987076912585,-0.02527233878594697,-0.08764052369168863,-0.040815302812426846
2015-03-17,-0.07733309049045267,-0.0038722539972387213,-0.09346703369665474,-0.05019240046220986
2015-03-24,-0.10377347526640121,-0.025537021505288787,-0.08999506549354862,-0.06383875518817944
2015-03-31,-0.1030256731662281,-0.02150943396226415,-0.078345051300803,-0.07247891188231517
2015-04-07,-0.09949736524331777,-0.024905711699056914,-0.08895891300722379,-0.10462255994349663
2015-04-14,-0.06908168358010315,0.004867637020697691,-0.06563079894626668,-0.05874453934552831
2015-04-21,-0.05730282223352743,-0.024354349790848523,-0.055193992277439874,-0.018983851041298978
2015-04-28,-0.0532548588684973,-0.05217177240406039,-0.04515235811701791,-0.0019252073093345666
2015-05-05,-0.041075084197318895,-0.05637911397818483,-0.03134429956911676,0.01804903606599446
2015-05-12,-0.04999092339015183,-0.05000076964857846,-0.04606785729880791,0.005520597365550801
2015-05-19,-0.04310058030337485,-0.004012690594673809,-0.06894336756783613,-0.03534284346356405
2015-05-26,-0.04084433936248791,0.012011094967639678,-0.04771404585219881,-0.06812422955759485
2015-06-02,-0.041433053005412536,-0.01277159598679621,-0.060489467366815645,-0.04846034835554225
2015-06-09,-0.0573153296587434,-0.029116719910723378,-0.11393874844326403,-0.07094536474374982
2015-06-16,-0.04373394579186203,-0.049109604201460856,-0.09762780508583445,-0.06607815136959626
2015-06-23,-0.06894877103893683,-0.12458163386938788,-0.10647457177927802,-0.04446877032665429
2015-06-30,-0.1428835391122314,-0.2041801962709182,-0.21173370669622457,-0.10194436943019174
2015-07-07,-0.1859703060497619,-0.21682383140294037,-0.2383082215485401,-0.14762276235835112
2015-07-14,-0.20612584052909175,-0.22065452203335614,-0.22799817686290194,-0.17096556246646663
2015-07-21,-0.22983941183140572,-0.2225456663336489,-0.2125054119304631,-0.14693553326697803
2015-07-28,-0.22710864532267633,-0.18471530649899598,-0.20202563108658383,-0.11937230178852874
2015-08-04,-0.18956233626457974,-0.1659713272438219,-0.15541025436568057,-0.08512710488799809
2015-08-11,-0.1702495844042371,-0.19548137025526416,-0.15692876183268128,-0.07356834931225327
2015-08-18,-0.1551562115145167,-0.1332350836011861,-0.1658291457286432,-0.0852853929192939
2015-08-25,-0.17258008813165868,-0.09387499028518201,-0.18699418084153985,-0.07753952009310255
2015-09-01,-0.17882322263678258,-0.07676925480393688,-0.1435748830711829,-0.07643607571915804
2015-09-08,-0.15366254865137527,-0.08610263318880937,-0.10000696003201615,-0.06634604421687622
2015-09-15,-0.1797580843365135,-0.08290176483889451,-0.10681975306547455,-0.06910544424205627
2015-09-22,-0.17389929054512043,-0.06081410718827793,-0.1131454305790262,-0.06732086836491404
2015-09-29,-0.18202825909185222,-0.09123198045883221,-0.13999620328081205,-0.09213075307408389
2015-10-06,-0.2091708999071666,-0.10586852904389063,-0.16037336877718705,-0.10338187928861504
2015-10-13,-0.19536605493678844,-0.12462725051007825,-0.14891791028602885,-0.10294753439637852
2015-10-20,-0.16454722574788683,-0.10149465043444152,-0.06448643180318304,-0.06348685016789628
2015-10-27,-0.17495735143593302,-0.1212700346442304,-0.1030054593353798,-0.03997849121644654
2015-11-03,-0.17191935959737198,-0.09049352974542144,-0.1228213804135713,-0.022953260591396598
2015-11-10,-0.11944168981101827,-0.04194063190471224,-0.11003947548659453,0.013116098422553742
2015-11-17,-0.10772068416462527,-0.04619462459532731,-0.07253192201622802,0.03337766508207509
2015-11-24,-0.12262781721593378,-0.04089345594989513,-0.08237063526431708,0.0389775510905369
2015-12-01,-0.1638463367673343,-0.06846753149842245,-0.022406235878897424,0.04214300276975251
2015-12-08,-0.17721670386653574,-0.08536220326706136,-0.018611336850165115,0.03783579647020318
2015-12-15,-0.1929782655978126,-0.05550734046309268,-0.06136301729672938,-0.002538731258648854
2015-12-22,-0.1642225393375707,-0.05769115060631306,-0.02145696886131219,-0.007658815240586145
2015-12-29,-0.13100586368943062,-0.02141727792176602,-0.0024422064545662624,-0.011595149019509378
2016-01-05,-0.10549404599909523,0.009248667225278395,0.039632639362102456,0.014012429552638829
2016-01-12,-0.08063469410442467,-0.02776759038145196,0.003485572887969935,-0.00837417652419534
2016-01-19,-0.08476455674484441,-0.06431833335731794,0.005073819173001447,-0.01844644905855623
2016-01-26,-0.12167392646659571,-0.060438995993562304,-0.03717697431409048,-0.015633126184494688
2016-02-02,-0.13876369900085359,-0.06691577270647642,-0.049639089837152234,-0.001875723524445334
2016-02-09,-0.10116925958341227,-0.015469591667915089,0.006028378514193826,0.030010786658651284
2016-02-16,-0.08764885809485647,-0.04554063034242469,0.005247743115882933,0.039190707162869966
2016-02-23,-0.0985831090220604,-0.06119649947668523,0.03554308956138273,0.03503083229984842
2016-03-01,-0.06465789284835875,-0.010667725284147627,0.06042800640719063,0.03698205956067287
2016-03-08,-0.05524516393656394,-0.05478734632170465,0.03512224232420938,0.00975865358347254
2016-03-15,-0.07408087902909236,-0.11760779823092418,-0.010019344940297511,-0.05006201586670099
2016-03-22,-0.09445840220450104,-0.1506427049673296,0.0150671580763328,-0.05387202293443105
2016-03-29,-0.11525823018815305,-0.17527641334142796,-0.011717711714342405,-0.04565704097871041
2016-04-05,-0.07367600429828916,-0.17052807261727135,-0.02311530724924229,-0.027092980718613095
2016-04-12,-0.09016415598236806,-0.17676391309045275,0.0282129329004329,0.024238453979692105
2016-04-19,-0.15207075276219928,-0.18808522757203813,-0.006127500505152556,-0.007272633047293708
2016-04-26,-0.20182908571657115,-0.21977655123297427,-0.03068959871544757,-0.0764241571314936
2016-05-03,-0.2037608487082019,-0.22572547864453069,-0.04150934368907265,-0.069306330341984
2016-05-10,-0.18915133875167714,-0.23692163509836708,-0.023328766621770303,-0.037993114488081924
2016-05-17,-0.19694557807133292,-0.23103629378230225,-0.03370190971532934,-0.028049795321391645
2016-05-24,-0.20833897173949315,-0.23321852477183064,-0.008986414643883427,-0.0008328648468569763
2016-05-31,-0.23801075709439534,-0.22757283532358058,-0.008718502534012228,-0.0039449922457660234
2016-06-07,-0.2559729582474903,-0.23093971560503712,-0.07372265278037214,-0.05372632103688933
2016-06-14,-0.26611835410456247,-0.225073545043797,-0.07809554066652673,-0.09137612536539191
2016-06-21,-0.2458800118681076,-0.21291891031840615,-0.05425508190454059,-0.06706644496394587
2016-06-28,-0.2637632378479578,-0.2444761400886872,-0.03371559535321607,-0.0129882628799909
2016-07-05,-0.20564775120200304,-0.22001636835128943,0.004590549501649639,6.709186133789558e-05
2016-07-12,-0.15759520836044738,-0.20222485135190682,0.012645780550851889,0.0031496649600807904
2016-07-19,-0.13929960066823596,-0.18461831320864996,0.018702626476291204,0.0009288388303092226
2016-07-26,-0.1276889663731458,-0.19229151200197972,0.026770096720756666,-0.03303408068967656
2016-08-02,-0.0997725569738711,-0.17105824994388502,0.04104975676367671,-0.03791532011274019
2016-08-09,-0.08112091758714104,-0.17946846502876213,0.02557963641112423,-0.05355344889012811
2016-08-16,-0.07389325610260654,-0.17665154088137858,0.011566932289962088,-0.05630202350099783
2016-08-23,-0.07609464248665174,-0.20096984953716113,0.004396855234124911,-0.09520505364484107
2016-08-30,-0.06391816302304182,-0.1659387009969812,0.04789429909346053,-0.0612062947356026
2016-09-06,-0.05880500453756692,-0.14820164006477526,0.05557594782986634,-0.07008348373591779
2016-09-13,-0.0737491615732919,-0.13293752926023147,0.03540382828604137,-0.08378370567324644
2016-09-20,-0.08150358876493267,-0.1458235904689122,0.04088495511462701,-0.10106228142462968
2016-09-27,-0.06509162312096618,-0.11322482467197716,0.04768715325311622,-0.1217704483762305
2016-10-04,-0.09730595559512027,-0.13360893327082143,0.06982725976648048,-0.1147051337119585
2016-10-11,-0.10982071977101286,-0.14453701228909221,0.05122765048757872,-0.09590839387227187
2016-10-18,-0.14250669754150974,-0.16458255301791733,0.006405088543944031,-0.1279665367430364
2016-10-25,-0.1432875010800376,-0.2800255416216723,0.040956150018368234,-0.12754862791439237
2016-11-01,-0.1517719979698636,-0.31644828792272417,0.015556353743668538,-0.11955148222922628
2016-11-08,-0.18125521359391264,-0.32851971214189013,0.0168170960712631,-0.10361491738154183
2016-11-15,-0.1363293122235188,-0.2950189382348341,0.037424367393453256,-0.08676795183120285
2016-11-22,-0.1612457058457393,-0.29105654341894815,0.016840009556422713,-0.11786070514766468
2016-11-29,-0.19885454893134252,-0.30662678095183765,0.03885528107932617,-0.15557928797430523
2016-12-06,-0.19849046422609312,-0.28277271080737487,0.04165394212506052,-0.10425915411377813
2016-12-13,-0.19868903479141467,-0.25553932780782307,-0.0034526459008059223,-0.06782550446700737
2016-12-20,-0.17129307708215238,-0.23636589684837725,0.012907469958776339,-0.0971030399137591
2016-12-27,-0.15950065179992948,-0.2442021118486266,0.009277954480490989,-0.12956429600409552
2017-01-03,-0.15931021010705942,-0.23117882931774333,-0.006241116125219823,-0.1483575132226482
2017-01-10,-0.16795892355302994,-0.2258273537956565,-0.05471708430737262,-0.22024736451615534
2017-01-17,-0.18441602380688196,-0.24790952822617462,-0.06560475382114139,-0.26896798979845427
2017-01-24,-0.20661649131043253,-0.2698210294352669,-0.06352426438441462,-0.2718144674375134
2017-01-31,-0.20158840557232402,-0.24705242257923815,-0.04783360656011379,-0.2309135452784425
2017-02-07,-0.21135558240500402,-0.24605961708263013,-0.07989044759352935,-0.24052368827315196
2017-02-14,-0.22769567891990775,-0.25595209585936995,-0.12787052502530094,-0.30101330570753343
2017-02-21,-0.22923765848620958,-0.23661751642518106,-0.1525428645534715,-0.3232873597752344
2017-02-28,-0.2619278975293526,-0.2495642219265432,-0.12144966646388569,-0.3752692508638943
2017-03-07,-0.2499953154571177,-0.24650038039996683,-0.09964074995680659,-0.36319441040562883
2017-03-14,-0.18259579122469208,-0.17105781082379926,-0.03618076323390333,-0.29402425132713783
2017-03-21,-0.14825959192024302,-0.13171171273285764,-0.00666320452942281,-0.2447198567180319
2017-03-28,-0.09157026980097734,-0.09312104470338536,0.018802168630144223,-0.14424847218998996
2017-04-04,-0.09644814032506902,-0.041848396747318654,0.010561271442692078,-0.10217123580121883
2017-04-11,-0.09824823829263571,-0.006243492218508305,0.0096550284431919,-0.10318734155083487
2017-04-18,-0.08288152019441805,0.013948569243831834,0.025485380135820964,-0.09536968761413833
2017-04-25,-0.06620538530134633,0.02610500649127055,0.06914237748309836,-0.07733051211327015
2017-05-02,-0.07327690970492859,0.016040417987259546,0.013250929378039214,-0.17852193564051322
2017-05-09,-0.055634758221116166,0.004977048261224326,-0.014180436225645885,-0.2192199042654713
2017-05-16,-0.05790218398418961,0.004224577915294539,0.007056359584351421,-0.18775425252123895
2017-05-23,-0.0702555530476748,0.03563980840266756,-0.009879486160773408,-0.1779138739887674
2017-05-30,-0.058489304068927606,0.06454484829788779,0.0066744496978924,-0.170637808718601
2017-06-06,-0.08689214037219477,0.07420999588919389,-0.002601725921451829,-0.1708422951388548
2017-06-13,-0.13689707924134817,0.0573387310137477,-0.03240352480816302,-0.23172704544340408
2017-06-20,-0.11997676596857404,0.07592164855319534,-0.10165316651509099,-0.28659770001154944
2017-06-27,-0.09229946307599339,0.09054195358630694,-0.17269463321226755,-0.349705886603749
2017-07-03,-0.13693504870377932,0.03199400370637047,-0.16620923798838583,-0.39646303617735834
2017-07-04,,,,
2017-07-11,-0.20954989007598257,-0.05575219973131205,-0.21189105395516655,-0.44272978557451526
2017-07-18,-0.20597861264321396,-0.08461966581111276,-0.20133712322477804,-0.45054086391717335
2017-07-25,-0.20695480694707358,-0.11386605001712916,-0.19276549755678513,-0.4339721814996246
2017-08-01,-0.18394910939779863,-0.10552658704456502,-0.1672392437723367,-0.34986496946761847
2017-08-08,-0.18760846201708242,-0.07974095989975881,-0.14102313434399155,-0.3659666988905447
2017-08-15,-0.16396100000948607,-0.0421557642268279,-0.11630719950678671,-0.30907042650190986
2017-08-22,-0.13723620116881205,-0.03159638475289014,-0.07372464120203086,-0.21061632254760823
2017-08-29,-0.13578673069040229,-0.02477496656431423,-0.07389892896398353,-0.19071612202532343
2017-09-05,-0.12753664027663267,-0.051888582333082814,-0.05442365257187832,-0.19096205858427137
2017-09-12,-0.12299791587504462,-0.05729903272676284,-0.06269241074602055,-0.1866297290277898
2017-09-19,-0.11260812464471831,-0.08098015796195715,-0.06535331390237585,-0.2021577447997172
2017-09-26,-0.12085126243653667,-0.09895557470240347,-0.06863461718676787,-0.2107681370104307
2017-10-03,-0.10872289989793306,-0.09218538645350728,-0.06900605557799704,-0.16912550556382153
2017-10-10,-0.09682623922957471,-0.09990441894350464,-0.053405657598158435,-0.13818357897285355
2017-10-17,-0.0844923476962834,-0.13451593134553405,-0.03905571635311143,-0.11295405269908652
2017-10-24,-0.07469092402812505,-0.10214178841374803,-0.03708693791340973,-0.09846674161336949
2017-10-31,-0.05925817639895822,-0.14012930346756403,-0.0027694681084219725,-0.0786048267477565
2017-11-07,-0.06075831463743389,-0.14204375262096372,0.005623131621364513,-0.07465954714274144
2017-11-14,-0.037659874943310925,-0.09902030918460139,-0.02311380919779898,-0.11454064851751046
2017-11-21,-0.052041187729344913,-0.10025889206672169,-0.02359812179092658,-0.09243151550149782
2017-11-28,-0.07191491722886251,-0.11392575398227112,-0.009884758587958476,-0.08846304721838696
2017-12-05,-0.09170382680094352,-0.13441550267713845,-0.020978636087657227,-0.09576171203671305
2017-12-12,-0.07821660477196445,-0.09421346058444166,0.025208388621694142,-0.06127460373142468
2017-12-19,-0.06412906540112773,-0.025276279123922843,0.027283904060239818,-0.0597717836299759
2017-12-26,-0.0732594248435714,-0.005997227842353148,0.02057142489968097,-0.06541993352961259
2018-01-02,-0.07931739051552092,0.01752581621457097,0.0015101423780113053,-0.08620930557496158
2018-01-09,-0.06081306448674671,0.0318009339819253,-0.0022722261404526625,-0.11661139850554893
2018-01-16,-0.057052671775775714,0.04003849508149743,0.011159737090997653,-0.13021290896977059
2018-01-23,-0.06086512796357356,0.020181534317026878,0.014922444580784882,-0.11543975722143503
2018-01-30,-0.10259459588542226,-0.03884760563077353,-0.05795486903094938,-0.16585512661444418
2018-02-06,-0.11430960624101288,-0.05341916752766891,-0.06727751566958334,-0.22547223131153882
2018-02-13,-0.15162315096470272,-0.10946192668397378,-0.10131091436201566,-0.22184280247277008
2018-02-20,-0.15852106013301928,-0.15571535825166735,-0.09006362196450993,-0.21390452106187965
2018-02-27,-0.19940240798870265,-0.22199461691987757,-0.11362215051227348,-0.2295173858707638
2018-03-06,-0.23310349767575125,-0.24915430369849864,-0.17561309096577862,-0.24515259112769114
2018-03-13,-0.2407196447223285,-0.250104992664896,-0.17054511130339023,-0.2556052699304516
2018-03-20,-0.213607384707002,-0.23630542234772933,-0.14907460983659998,-0.25237296477465626
2018-03-27,-0.17983145443858384,-0.21873175863546787,-0.11533274859333685,-0.22375882211783424
2018-04-03,-0.19759130670633593,-0.23498115636629735,-0.1097680060844616,-0.1987813876599666
2018-04-10,-0.20687779234946788,-0.2321954238598657,-0.13453880542811333,-0.2605373755170575
2018-04-17,-0.19532012477316546,-0.2388888888888889,-0.14533253875605118,-0.2595514002132944
2018-04-24,-0.20892129957507083,-0.25295266921676013,-0.13478960901641315,-0.3020183775570177
2018-05-01,-0.23612739578884703,-0.2826651504085564,-0.16729151658016783,-0.3318792806651284
2018-05-08,-0.23434623578628516,-0.24773664222510983,-0.20202526929512654,-0.32874650231998015
2018-05-15,-0.2221450592271011,-0.22718523243611305,-0.19388857145688082,-0.30231174810111433
2018-05-22,-0.21484394618725974,-0.2114108037410853,-0.18503947868518814,-0.310535516300836
2018-05-29,-0.19888279458258515,-0.2086705318310517,-0.17528007894929634,-0.3096156625219123
2018-06-05,-0.1584832038677074,-0.18434343434343434,-0.17027306337515646,-0.29795327207360844
2018-06-12,-0.13449116584779844,-0.13090528667253049,-0.1674955957931073,-0.32960944709863327
2018-06-19,-0.1138349805535449,-0.09289423916024114,-0.16132343276288114,-0.29440396732392454
2018-06-26,-0.10691910343350823,-0.06686719836961846,-0.1812800127556862,-0.2798659723246465
2018-07-03,-0.09426194094714317,-0.05594674597384215,-0.17729208690077833,-0.20851144078451095
2018-07-10,-0.07493797601838553,-0.0617106119713414,-0.17108655155418556,-0.20205490312146548
2018-07-17,-0.06286096045877612,-0.0541661472807397,-0.17457753723372887,-0.19604255261149275
2018-07-24,-0.056988495688767155,-0.049740878453692516,-0.1798476576699761,-0.23140711569529837
2018-07-31,-0.09216617861754108,-0.06607113415968464,-0.2055663912286423,-0.27960440010494725
2018-08-07,-0.0963347154916572,-0.0548356839779497,-0.2184478757876053,-0.31826835787774865
2018-08-14,-0.09798172947281981,-0.04120394551810037,-0.23070896273003513,-0.34663513710500315
2018-08-21,-0.09784233286291281,-0.05361727531064137,-0.22517363134308707,-0.350855851109685
2018-08-28,-0.09018038321550821,-0.029165155794992743,-0.24516698579624732,-0.3743521514101965
2018-09-04,-0.09415780451468211,-0.017858464070736546,-0.22562578065584618,-0.3587566382531741
2018-09-11,-0.09293732000393264,-0.004430113363700015,-0.19534045643888587,-0.3012553769288526
2018-09-18,-0.05600436231848532,0.004420314406062252,-0.1641543455911684,-0.2579418457648546
2018-09-25,-0.07362888085285361,-0.013095815085581834,-0.157808925461809,-0.24832073602648827
2018-10-02,-0.0959215630280098,-0.033898010732665546,-0.14046199519712807,-0.2275598436896572
2018-10-09,-0.10112743868945216,-0.03178742186064513,-0.1278170068487196,-0.2303412631074438
2018-10-16,-0.13035095811876526,-0.04699321943838006,-0.1281806368492953,-0.22526928237344668
2018-10-23,-0.13011044320026224,-0.03302335783956113,-0.1160386177424803,-0.19757810459022943
2018-10-30,-0.12147536968065448,-0.004232740034160592,-0.08222870349348282,-0.1562621492441741
2018-11-06,-0.12598974040599867,-0.04034996747557196,-0.0845182068068197,-0.15865321848116246
2018-11-13,-0.11742045821712019,-0.025264281033812896,-0.1126797167526013,-0.1410425784112094
2018-11-20,-0.10943728750773496,-0.02599297908867919,-0.10723502655283568,-0.13944017218243587
2018-11-27,-0.10820613870469994,-0.02506589739107685,-0.0932146341832374,-0.14138664425213798
2018-12-04,-0.1536384519069734,-0.07770153832984548,-0.10936407972777372,-0.17816454744942437
2018-12-11,-0.1750523022732091,-0.0691706718524673,-0.11341035178960887,-0.1865693221952543
2018-12-18,-0.19008416861883295,-0.07743901117515345,-0.13131365639747955,-0.2069059104435175
2018-12-24,-0.17211454987645863,-0.08271506178139582,-0.11993625186267684,-0.18341750158322914
2018-12-31,-0.15530935432347417,-0.07564595115354701,-0.09533505221185731,-0.16137812591099787
2019-01-08,-0.1607123641730247,-0.09381246225821216,-0.11043652757261309,-0.1581674881715648
2019-01-15,-0.12752611247997336,-0.07138130470055593,-0.09919054744935486,-0.12922684818059238
2019-01-22,-0.1385163192217126,-0.05975335094532572,-0.09484355355656686,-0.16839254024097886
2019-01-29,-0.12060005508910365,-0.08344932241845249,-0.07632746454272339,-0.14304667184861228
2019-02-05,-0.11492538827025667,-0.08076114396456001,-0.09922755963013374,-0.1372174447174447
2019-02-12,-0.0905599010296113,-0.057174065458530085,-0.08993437647254483,-0.11571186919417442
2019-02-19,-0.06044879163951224,-0.021361708843865835,-0.06493274126124368,-0.07368872005656149
2019-02-26,-0.07693652541552626,-0.040614991930133244,-0.051025224647661585,-0.060785985984687575
2019-03-05,-0.03815709992318764,-0.02149646504320503,-0.022573561849668803,-0.05664152589914605
2019-03-12,-0.004935441192541731,0.0343856196913016,-0.017026687099708768,-0.039739626766934134
2019-03-19,-0.0026176762411248633,0.0018886679920477136,-0.012713897329281946,-0.021973396434086922
2019-03-26,-0.031155885674122485,-0.01064178798441665,-0.03350658378666753,-0.03810885440758028
2019-04-02,-0.011887213554869545,0.007973015123914523,-0.04266984811990906,-0.023639179312829908
2019-04-09,0.0011251061715029452,-0.0009618994515173797,-0.04744002864303616,-0.03715618191721133
2019-04-16,0.012538543632645607,0.026095305992029468,-0.02345671018311442,-0.018105286269796787
2019-04-23,0.02052300836790729,0.06409020865898983,-0.017766704387215018,-0.012180157125957219
2019-04-30,0.006183317826090175,0.0786326594203393,0.0007714398138879877,-0.0007909381897509258
2019-05-07,-0.008034672019180936,0.07482893680271993,-0.0031963330579046338,-0.005503336502941003
2019-05-14,-0.0021329524624596114,0.06949900057896777,-0.008948520616579025,-0.01601086956521739
2019-05-21,-0.06958605585130827,0.048412758237726956,-0.045824921881766637,-0.03836048636608547
2019-05-28,-0.10511394028026805,0.020368193059657504,-0.05901674012359562,-0.04969421327111589
2019-06-04,-0.1375722847167663,0.00406342779605383,-0.07114079517992518,-0.07491696432298343
2019-06-11,-0.14477624411923024,0.010932197862998828,-0.09716174110736171,-0.08025837288486921
2019-06-18,-0.16109472872841538,-0.04523274610400752,-0.12722131539463488,-0.08247952607747884
2019-06-25,-0.19980588153731738,-0.06805903598567471,-0.15790915776007092,-0.11168204962127345
2019-07-02,-0.20871427327308426,-0.061777282544118434,-0.19204681611449467,-0.08510675429931693
2019-07-09,-0.21071766639311404,-0.05841466311683548,-0.17673240560093254,-0.07811265877280107
2019-07-16,-0.21556125132579296,-0.06712539508005148,-0.15914151177199504,-0.09085891294457676
2019-07-23,-0.20494182714649806,-0.06286110808551676,-0.13501203162598832,-0.07748445835361452
2019-07-30,-0.20144274191545622,-0.056179359208041374,-0.14471718851280896,-0.09478109110987679
2019-08-06,-0.1830791389701849,-0.019229896106153593,-0.12034061239697158,-0.0723402745065142
2019-08-13,-0.16687082601839093,-0.02755063898167326,-0.11272811538247929,-0.04303063478222126
2019-08-20,-0.13416855787350726,-0.019827963635427128,-0.10193954511715672,-0.03810653800398232
2019-08-27,-0.1286579426378708,-0.023747054328600664,-0.12978463401235468,-0.04083270862495605
2019-09-03,-0.11604419065386366,-0.033775589842108426,-0.0996944649347813,-0.00642068564787914
2019-09-10,-0.08955762427063983,-0.016181946416022712,-0.1005055816123989,-0.032666834076213194
2019-09-17,-0.07646580425936354,-0.07485485356813848,-0.10579947739869415,-0.0468981499069255
2019-09-24,-0.07970882367407409,-0.09125490390822863,-0.10499862312302563,-0.05321831287356393
2019-10-01,-0.09634345064505452,-0.135927339312389,-0.09435516395908865,-0.05647657307146366
2019-10-08,-0.10971987775002048,-0.15616463579493012,-0.07781691500627032,-0.0496009273744008
2019-10-15,-0.10899550731328327,-0.19162542849393438,-0.08686606334141035,-0.08557558543936934
2019-10-22,-0.09747819500074978,-0.2038729146584059,-0.11271923017228,-0.09012208384278403
2019-10-29,-0.09598828591848188,-0.2591125294838675,-0.11453453696894597,-0.07294938091446466
2019-11-05,-0.09423800904354529,-0.24244603345428842,-0.10853747432971776,-0.08006096839114478
2019-11-12,-0.08707334121790013,-0.19974894615770852,-0.10106262075235822,-0.11666869263964019
2019-11-19,-0.08052824794453425,-0.18409538332308814,-0.10399708443718224,-0.09787627555116012
2019-11-26,-0.11577888596688356,-0.1126202305331832,-0.16521737126315716,-0.13477223567625057
2019-12-03,-0.12318392220270026,-0.053943399663960806,-0.17431954107164652,-0.14862592324913185
2019-12-10,-0.11052830246686901,-0.03614762285655162,-0.16395123374172071,-0.11391301076335329
2019-12-17,-0.11888363135778872,-0.07532212766703555,-0.15868995089455948,-0.16516730627694248
2019-12-24,-0.12508580261175598,-0.11942635512494151,-0.15103252722222868,-0.18321803619903407
2019-12-31,-0.12966449724119908,-0.15530103863338954,-0.1567503911185132,-0.20727401007819768
2020-01-07,-0.12903099195217393,-0.1569055654050631,-0.14810096158190253,-0.21357766119294033
2020-01-14,-0.12464943530660198,-0.16320772045359017,-0.1320823404818639,-0.22281753085165812
2020-01-21,-0.12996755266750773,-0.1456921259325705,-0.1355566159337663,-0.22550928699820252
2020-01-28,-0.14973637498601242,-0.10164689030085486,-0.14600293290000396,-0.20446941270327576
2020-02-04,-0.13449856380025693,-0.07047861524093439,-0.15643755633419365,-0.1827896682527334
2020-02-11,-0.12742513470294708,-0.05462287835403848,-0.15021229832447508,-0.19365114304581618
2020-02-18,-0.12431500202757823,-0.06868873516438322,-0.1647945859208614,-0.19524988513961916
2020-02-25,-0.11648341479187174,-0.07588620928100862,-0.16534654708745442,-0.18177107767282608
2020-03-03,-0.12190929570280953,-0.1318534428465324,-0.13953440403529005,-0.16362366814937415
2020-03-10,-0.13755186508973216,-0.13607753701048125,-0.1410472663939525,-0.12245606079344794
2020-03-17,-0.0971324630017404,-0.11665909247680066,-0.10896608831288875,-0.11752354627718348
2020-03-24,-0.08201677768056949,-0.1552284979394954,-0.15457050848484236,-0.18198887645912473
2020-03-31,-0.07635113531998558,-0.169022418604457,-0.1841376158292179,-0.20526367863856734
2020-04-07,-0.06334395885288863,-0.15323554306895798,-0.17378708438343288,-0.19077583012009242
2020-04-14,-0.05009071870314074,-0.14723966325339666,-0.17065840980047228,-0.1891350243245724
2020-04-21,-0.03153066553795849,-0.127125005311038,-0.18033746201271136,-0.19684246269596303
2020-04-28,-0.03613079204806339,-0.17148215905422234,-0.17058320589155623,-0.20228236007156764
2020-05-05,-0.025674447109399732,-0.17455016973951354,-0.1516211543927055,-0.21400363883322573
2020-05-12,-0.014478911833060439,-0.18981372248882197,-0.14411640746828508,-0.19738920943061897
2020-05-19,-0.0020283920388064858,-0.17368028379854925,-0.1113967556767728,-0.10379624004664266
2020-05-26,0.008317319681389447,-0.1620918405023885,-0.1277086991505773,-0.06646140610125745
2020-06-02,0.004228899966578049,-0.16232556363705783,-0.15119344896191927,-0.07717872076441537
2020-06-09,0.011022361415855076,-0.17852841900101282,-0.14955123671391715,-0.09299142365665208
2020-06-16,0.0053425321803970355,-0.1775315729910404,-0.12305245595847221,-0.047315556008769695
2020-06-23,0.011572039954156125,-0.18973841422291948,-0.08418766534043463,-0.01613977519464441
2020-06-30,-0.013540684089293863,-0.231037104430713,-0.11667034365019309,-0.025272101088404355
2020-07-07,-0.043028304989897175,-0.2480904744494193,-0.12022462863813856,-0.04047303932032618
2020-07-14,-0.05099158746721265,-0.21726599083557455,-0.17475043225785405,-0.07782555943498087
2020-07-21,-0.05003127709194415,-0.21232166370424466,-0.16719822950277158,-0.09866014916842286
2020-07-28,-0.0503991115358821,-0.2127622867072255,-0.16747679784310676,-0.10468061482946463
2020-08-04,-0.03065453490851204,-0.19264554412827253,-0.17364443490599651,-0.08569336851962203
2020-08-11,-0.029376805405541183,-0.17112783605088203,-0.1460351717677193,-0.05652668850260844
2020-08-18,-0.056541728139286415,-0.2622638765879258,-0.1525028992218986,-0.09344556237931385
2020-08-25,-0.09444625835401672,-0.27501517263664177,-0.2142356861223187,-0.15127002976511775
2020-09-01,-0.1281858700629933,-0.29986493050113106,-0.24717014330120624,-0.25704234116875896
2020-09-08,-0.13756092546748785,-0.2830119849703813,-0.24368249614263673,-0.25164478421336317
2020-09-15,-0.1435733541715869,-0.2830175362160985,-0.22799409704441692,-0.240056731593727
2020-09-22,-0.15651679176868138,-0.27780559107450337,-0.20426157832782588,-0.25910668083996874
2020-09-29,-0.16344086364705118,-0.29558687023542013,-0.21575575437659844,-0.24565704913643058
2020-10-06,-0.1844379366958502,-0.2992326462164607,-0.2081944569846719,-0.2834239625736679
2020-10-13,-0.19405697762074556,-0.27741572709709045,-0.2093445018527217,-0.2888689481998711
2020-10-20,-0.21814743535794512,-0.28124988219683117,-0.18974523313571542,-0.29709119496855346
2020-10-27,-0.257180228664182,-0.33334817457062443,-0.20973541814638297,-0.3008784372641183
2020-11-03,-0.25945651344645654,-0.3291763312748051,-0.21170995006928267,-0.31585414632212777
2020-11-10,-0.255558771777779,-0.31969099615641833,-0.19624960146384063,-0.32841257884262953
2020-11-17,-0.25766799689144776,-0.30723383148260747,-0.1793724208404989,-0.3373736059337278
2020-11-24,-0.3028444943300617,-0.29816207429494423,-0.2091200214847247,-0.3980834472085835
2020-12-01,-0.30231264951023895,-0.28178431605551085,-0.1691198715901642,-0.40194774665860705
2020-12-08,-0.30082398652528425,-0.2608462808652798,-0.16993669742132894,-0.4123455992915325
2020-12-15,-0.29441013558728124,-0.26431216556567566,-0.18426609231394186,-0.4361017878394822
2020-12-21,-0.2927180064694558,-0.2614331266726038,-0.17872362627042596,-0.43143892102903164
2020-12-22,,,,
2020-12-29,-0.3184122174964668,-0.27612765793205846,-0.19535177063929915,-0.426990786798737
