,processed,planned
2015-12-01,846737.2224750613,704262.9838646372
2015-12-02,150208.7378506045,86415.62708776587
2015-12-03,154512.85724205515,89094.1014934052
2015-12-04,163039.51440273278,101222.70333841613
2015-12-05,168319.91364935058,101756.32211169458
2015-12-06,176035.79241167646,110392.10598967933
2015-12-07,183723.30823853554,106793.33216158915
2015-12-08,189623.4896411498,112938.4214335823
2015-12-09,195233.08644570163,114938.44816717248
2015-12-10,206295.02927346673,120787.9492603728
2015-12-11,209668.06624051105,126305.94937414586
2015-12-12,220219.63471025642,131369.37474095987
2015-12-13,227636.84409875883,139589.1783832099
2015-12-14,237986.30046306548,138987.89550199645
2015-12-15,248691.91134114077,146941.6068950089
2015-12-16,256656.0641844128,156783.3584863758
2015-12-17,264120.919949232,153802.2595371146
2015-12-18,277502.80372781766,162612.87887594476
2015-12-19,292009.23462715733,171809.97009781562
2015-12-20,300907.4416620271,178814.43922291984
2015-12-21,309486.6615330081,183094.3691499938
2015-12-22,322634.45377478807,188753.4293205231
2015-12-23,335587.1550475965,198952.5445736089
2015-12-24,346208.708119323,204691.59387106373
2015-12-25,361059.39726190746,216001.94923893505
2015-12-26,376956.2693992336,222933.63326952732
2015-12-27,388209.3134043888,233801.72566579294
2015-12-28,406938.04843235953,241602.8135217556
2015-12-29,425179.81839985435,251100.3375742511
2015-12-30,442576.3966944819,259543.5098685464
2015-12-31,457774.49907033856,271030.4129145122
2016-01-01,476569.11173256306,282026.1824389784
2016-01-02,494390.285780519,287554.033048305
2016-01-03,515033.85764704156,300309.3730854058
2016-01-04,532856.0454210847,311956.5848892335
2016-01-05,557359.7295271823,326783.26853882684
2016-01-06,573900.6635361823,342246.8918553661
2016-01-07,599037.4152323084,351773.9351732872
2016-01-08,618928.6189942257,367530.27024194243
2016-01-09,649212.2458750749,382052.720927402
2016-01-10,673527.4716229195,394594.51081665343
2016-01-11,696670.2473283058,413976.1075856137
2016-01-12,723735.3615224103,427294.6331424004
2016-01-13,751783.8691153311,443852.73320497014
2016-01-14,783939.5902719704,462124.035577805
2016-01-15,769137.4062545766,478975.47027251386
2016-01-16,842813.1520404414,502411.0814538241
2016-01-17,835528.6997914755,517527.6150659468
2016-01-18,872713.2043039534,539007.9006130887
2016-01-19,883653.3659855541,557762.3458606071
2016-01-20,803117.5549496884,584931.7430447618
2016-01-21,763489.0745420097,605007.9288045155
2016-01-22,823117.5630104964,635186.0020313819
2016-01-23,852595.0522000424,653427.3195015353
2016-01-24,800361.8229891266,671749.933891448
2016-01-25,836577.177629496,659791.1896648713
2016-01-26,827744.1940944159,629814.5308690658
2016-01-27,843346.7952080247,632644.1035238019
2016-01-28,796297.321301795,654116.185570251
2016-01-29,815094.7557907952,665802.6985054042
2016-01-30,818315.3587390218,665511.917997984
2016-01-31,885475.2039652921,658823.881346038
2016-02-01,823045.8678644836,649637.9205958481
2016-02-02,826846.0957838343,650354.0903692959
2016-02-03,851653.1184442454,662628.209869435
2016-02-04,867326.5424457147,672441.969449645
2016-02-05,874695.4061792134,658900.1929027805
2016-02-06,865349.0191304492,661622.7558529156
2016-02-07,817255.3730462318,653362.8627920635
2016-02-08,833071.3771318612,661100.473603745
2016-02-09,871353.4727288764,652418.69644212
2016-02-10,857148.575058843,668200.9101638123
2016-02-11,887664.998887426,678528.5474514426
2016-02-12,856342.3816506325,680197.555025015
2016-02-13,832988.6658026997,680287.5147854275
2016-02-14,831595.4494178544,680134.59303552
2016-02-15,886956.8239367546,684562.3818551565
2016-02-16,877230.7074108747,681776.7875038481
2016-02-17,771262.8367777012,601567.9034504702
2016-02-18,835249.3488303258,684225.8602201863
2016-02-19,849047.4079986647,682237.3793461531
2016-02-20,883597.241664009,681580.8522548756
2016-02-21,833368.8395002328,682093.0174380076
2016-02-22,896109.1315661408,687316.4121446287
2016-02-23,808383.5567585251,627062.1596938963
2016-02-24,728859.5117553927,544955.2373363964
2016-02-25,851974.5725303792,686716.515928401
2016-02-26,790680.1558703699,687146.0545750883
2016-02-27,814700.9880307537,680860.2748139028
2016-02-28,871093.7857188788,677901.8766279884
2016-02-29,741989.2170523816,626176.5757390972
2016-03-01,867092.62137332,692678.619268679
2016-03-02,862047.1593586087,685441.8519981832
2016-03-03,808334.0681763181,678519.2167238411
2016-03-04,852972.7784910513,691776.7272174949
2016-03-05,894400.8874640448,691427.413736572
2016-03-06,859640.9614691132,692232.864112889
2016-03-07,828981.3828146791,692142.754581434
2016-03-08,722953.7318915523,693026.0102784567
2016-03-09,735866.0603487669,603762.2726194907
2016-03-10,848767.4147329439,679338.5739063288
2016-03-11,837090.5512948005,664315.9050298868
2016-03-12,787057.9063452759,680017.2473802567
2016-03-13,843193.9248439177,681979.8845666593
2016-03-14,841951.0189238744,675926.709733601
2016-03-15,792748.8960722503,679111.7043139719
2016-03-16,862252.245809049,678210.5887813522
2016-03-17,836939.2348423544,677642.9184281667
2016-03-18,863720.833821896,676913.5057986765
2016-03-19,872190.7495360285,677377.8090237583
2016-03-20,879510.3231495991,679255.0884472728
2016-03-21,862260.9293826637,679547.7268799565
2016-03-22,852310.0713927057,602281.4142788035
2016-03-23,839195.996942939,599509.5379566161
2016-03-24,897103.2168123567,703542.8847043281
2016-03-25,917756.8071321368,705589.9287321866
2016-03-26,836613.601013041,704144.5245577102
2016-03-27,865558.6059869005,705175.8801247242
2016-03-28,875786.9143372871,701079.1618025175
2016-03-29,760668.0540535292,702720.1766250107
2016-03-30,891661.337128339,697866.0125329064
2016-03-31,796294.5966154449,631599.7481228444
2016-04-01,819346.9305883524,648015.1329228195
2016-04-02,838216.5635899735,701891.6025269347
2016-04-03,864772.3397735948,697448.3853644911
2016-04-04,839437.5550971603,696627.0288417796
2016-04-05,726637.316480043,666452.516474914
2016-04-06,766840.4143338373,660933.9184488916
2016-04-07,775894.1007609293,695611.6493801747
2016-04-08,805447.2086157047,692457.590600098
2016-04-09,756985.6219396279,694114.7409105053
2016-04-10,813306.8653726184,702211.7525616304
2016-04-11,820140.9744898716,700070.463636294
2016-04-12,808868.5082972762,701502.7800286652
2016-04-13,773580.1822295858,702569.983148587
2016-04-14,752736.3001687236,699910.4772792332
2016-04-15,808874.4578103338,704700.2577224985
2016-04-16,768530.5430402741,700331.7290327335
2016-04-17,769339.1086761084,697638.1531446626
2016-04-18,717146.2259662709,698521.9051487385
2016-04-19,770069.2574404656,698525.6615358623
2016-04-20,808123.8368751407,699930.4666910192
2016-04-21,793213.5358998865,699489.9392524143
2016-04-22,791189.6212129997,701287.537877126
2016-04-23,793066.5170753268,703598.3290809231
2016-04-24,790625.0795282568,700694.5256329097
2016-04-25,832747.215956162,704297.8243083587
2016-04-26,786503.7478416644,703294.7451530842
2016-04-27,912665.8088312288,605376.2027074578
2016-04-28,715723.3359600446,703350.527843573
2016-04-29,907278.9463418602,711363.6095136667
2016-04-30,809837.0556350526,705556.2374384395
2016-05-01,861314.0595350765,700952.7377137372
2016-05-02,830285.934700664,603677.0388006514
2016-05-03,691664.8265232211,517903.5361444606
2016-05-04,583323.8158090694,519319.4121702351
2016-05-05,498154.9802353725,440065.61497448164
2016-05-06,836344.0669636079,520933.6100424316
2016-05-07,905821.8926786818,519602.5807595573
2016-05-08,817745.0957527318,466191.30116203555
2016-05-09,787617.3370800831,427397.14871211245
2016-05-10,779636.3072060718,443900.6985343868
2016-05-11,823169.8982530669,445387.83074173605
2016-05-12,839301.6254391248,448412.45070605277
2016-05-13,804279.9199065367,447102.1129946908
2016-05-14,783051.9377387854,445333.90760043956
2016-05-15,845561.6246017087,457560.32986902434
2016-05-16,850849.9229788575,454310.10579851235
2016-05-17,707507.0318516736,413736.34829557285
2016-05-18,900817.2518632979,413760.20987608586
2016-05-19,794649.9642643916,412998.3899184242
2016-05-20,842412.89484681,455915.29391914536
2016-05-21,842342.8999432634,457793.8839356967
2016-05-22,837571.9476912653,448094.2857211729
2016-05-23,808069.0329851396,445297.9445149661
2016-05-24,822221.2877057502,445837.0990885385
2016-05-25,830763.3698267229,450397.38413907
2016-05-26,770302.4721800014,470323.7641295491
2016-05-27,859753.6819874113,520689.6506430839
2016-05-28,831936.3477977933,515660.1648123997
2016-05-29,854814.2743453926,526652.6077518269
2016-05-30,857314.4324052336,494000.2312195658
2016-05-31,854388.8650165884,529062.9675283204
2016-06-01,917593.7567263407,550885.706743453
2016-06-02,914294.877321075,561521.5704412303
2016-06-03,830047.0679935152,569287.3882812297
2016-06-04,903276.8101640197,557075.8246339815
2016-06-05,848221.5784252477,484766.1058403168
2016-06-06,905167.2915750836,556324.1191375571
2016-06-07,913210.5421992289,561847.0649127713
2016-06-08,863968.915900436,551698.3389006288
2016-06-09,928473.7299583519,549702.3220676879
2016-06-10,925011.3501989894,549408.0426240321
2016-06-11,895009.973845571,549537.2642628355
2016-06-12,877537.5105777722,533045.3145998355
2016-06-13,751794.205774538,736962.7662471522
2016-06-14,678322.668022777,628550.8936427978
2016-06-15,651614.219222802,687970.4124232405
2016-06-16,884499.8583329848,861466.0091231245
2016-06-17,888641.2435454441,786920.2816661882
2016-06-18,881901.9416166858,782341.4442005755
2016-06-19,850561.4153835967,769638.3342021991
2016-06-20,865467.9139467347,782257.1897160107
2016-06-21,862752.4854897967,778798.8154032197
2016-06-22,854702.4518389079,778063.0796107369
2016-06-23,823613.1682836341,754180.3330473625
2016-06-24,807113.3155653987,738071.0833073964
2016-06-25,841733.1040328488,739878.4843452566
2016-06-26,849616.5424631923,738550.8784400274
2016-06-27,834059.0076684178,748842.5459971579
2016-06-28,817097.0705774393,719242.3381241229
2016-06-29,696263.8477527059,684600.90597463
2016-06-30,857256.1096218303,762523.054907873
2016-07-01,842131.5691181382,740695.1499651636
2016-07-02,757283.1741117033,724247.1390908567
2016-07-03,723222.5909632203,726230.4208431451
2016-07-04,732627.2831968417,712186.4214674272
2016-07-05,731130.5372260389,708798.5427306942
2016-07-06,763996.0694935105,672327.3429837846
2016-07-07,757455.7976791598,767091.6358403302
2016-07-08,766631.7558852154,766482.2354850032
2016-07-09,732289.6594117032,742830.5659226327
2016-07-10,759599.9850022084,759645.6836327604
2016-07-11,755264.5251308038,764773.5357685126
2016-07-12,769917.7713187049,759963.6692335401
2016-07-13,745820.0947044833,739666.7385434508
2016-07-14,706248.2803818965,723902.0011040511
2016-07-15,728779.0018432224,739874.1669798691
2016-07-16,749178.526275643,742960.121948091
2016-07-17,731534.0643615567,726810.4070146076
2016-07-18,742645.3040027578,738747.0954848201
2016-07-19,757450.7896406973,739309.4267703007
2016-07-20,744438.7487494731,744800.8001082793
2016-07-21,710836.0082114358,740299.4541007009
2016-07-22,711989.5678872587,747573.3410569389
2016-07-23,729849.8718396741,750607.6819427641
2016-07-24,739612.1945308656,751025.5185031757
2016-07-25,758945.4096600546,738924.7572919548
2016-07-26,679196.9214168548,744215.606994612
2016-07-27,783327.1456435771,751399.3937485098
2016-07-28,831029.954829105,764654.7891767543
2016-07-29,757280.6671278307,768017.4346491075
2016-07-30,788494.7332627318,757123.17893078
2016-07-31,821608.2396465875,757506.620348384
2016-08-01,812026.4062686523,747274.7922643351
2016-08-02,800645.2521513265,751324.4574911378
2016-08-03,840226.7079902301,753610.9733976199
2016-08-04,800696.0447405626,761472.8897069142
2016-08-05,831309.6826349228,770443.1235257282
2016-08-06,823454.1560143176,776249.0425383828
2016-08-07,853754.3732644382,773896.5444414424
2016-08-08,841102.7031789284,763931.6382011749
2016-08-09,719227.9250545477,757712.7810323567
2016-08-10,723015.9813853969,717163.3788440033
2016-08-11,828622.0906815513,786013.4133334031
2016-08-12,865362.4229866413,782761.5154884278
2016-08-13,849797.9223328738,783389.5656027453
2016-08-14,819061.3154233177,766565.5803188783
2016-08-15,845786.0205377254,776455.1305222547
2016-08-16,778720.0362504029,691803.078100932
2016-08-17,785644.6161317171,681613.5641012503
2016-08-18,732331.2988197895,695015.1918131111
2016-08-19,837731.2934896771,790979.0513495643
2016-08-20,875645.6116228789,795029.2898996047
2016-08-21,802202.801315504,757640.1741421733
2016-08-22,619719.0304756248,634694.2723227036
2016-08-23,607873.4348884962,647158.6453983926
2016-08-24,612231.4224124536,641764.967661637
2016-08-25,667443.6800190614,577721.154768532
2016-08-26,720472.0949185145,721467.274453077
2016-08-27,846553.1069836473,793378.4061507784
2016-08-28,824759.2065582896,796116.1400088514
2016-08-29,841279.309729963,770786.7079699147
2016-08-30,864571.091533723,780593.8243079688
2016-08-31,868400.34244813,777717.2164850222
2016-09-01,839244.0989737072,767388.4617140703
2016-09-02,779656.5082313599,755809.8638007818
2016-09-03,712417.7987589373,685575.8117965484
2016-09-04,787532.7603501544,691397.2462926473
2016-09-05,722750.5750025819,686082.8047289255
2016-09-06,610534.3808967212,648004.1935184652
2016-09-07,532409.813987117,553443.8081234305
2016-09-08,681491.9752171036,643540.8184606874
2016-09-09,674485.4353781412,643668.3230275658
2016-09-10,615696.8843704464,555820.1837515091
2016-09-11,611091.4180336564,525542.7091228518
2016-09-12,601931.8246149071,534607.067579954
2016-09-13,625403.898967868,549156.8591943755
2016-09-14,542295.8401346583,542865.6289999132
2016-09-15,585216.1186831597,454522.48116545804
2016-09-16,692505.943634478,550935.847660244
2016-09-17,701811.9345429508,570314.9694015757
2016-09-18,596918.4831231958,495426.79088967777
2016-09-19,503027.68391315796,412586.66475511604
2016-09-20,509935.6725254038,423884.64343793393
2016-09-21,552323.0817119669,466374.0548940325
2016-09-22,467992.36065456143,591741.6179521772
2016-09-23,737391.7944785571,564490.6276598092
2016-09-24,829433.0501748656,767002.3795871722
2016-09-25,794152.8852603398,702726.5197269536
2016-09-26,680348.3028364803,642482.4961851396
2016-09-27,702287.6669725444,646830.9680353702
2016-09-28,716380.9920196696,648338.8033996519
2016-09-29,754658.2229584726,638501.1633734425
2016-09-30,780213.4432082596,705223.2657133531
2016-10-01,781508.1973490448,704733.9714142147
2016-10-02,751560.3917638976,706327.2837606163
2016-10-03,794550.8170047438,717278.6167554402
2016-10-04,761338.3204090372,719118.3857292113
2016-10-05,766157.5154257558,745775.616929996
2016-10-06,638883.7664223303,570653.7892385375
2016-10-07,693996.8665870008,592327.1105737896
2016-10-08,831140.5008659296,733324.5883368473
2016-10-09,836156.5022418614,717753.1862731487
2016-10-10,819004.9666579701,730254.3612003315
2016-10-11,783776.1894114068,709588.602860216
2016-10-12,844548.3599446431,716518.3816444365
2016-10-13,822641.4767713842,753054.6307761552
2016-10-14,945922.430128082,758953.4821587572
2016-10-15,933260.3051706547,753894.9438772803
2016-10-16,938817.8656989568,755757.9051714159
2016-10-17,933431.9991508074,760917.056656433
2016-10-18,902896.4511817514,761911.6973209353
2016-10-19,934448.0946240477,750971.0545399224
2016-10-20,942427.226816131,765941.2669212692
2016-10-21,953618.0444308629,762203.1414406652
2016-10-22,972817.2824236298,772730.7629343134
2016-10-23,871216.7662481291,752274.9114601591
2016-10-24,747877.2532995804,661922.7085055575
2016-10-25,882655.4130099133,755967.2740474876
2016-10-26,866036.5498513696,716543.6973092519
2016-10-27,971098.7336133978,758983.6379687316
2016-10-28,928504.0300361334,754348.8244649679
2016-10-29,959698.1087072006,750891.1883812267
2016-10-30,864989.622328007,752783.8963295959
2016-10-31,929176.2488556751,752131.7514273378
2016-11-01,946979.5947751076,774892.1999385318
2016-11-02,924106.2032013607,763706.3891445278
2016-11-03,927744.2439995942,732602.4858777777
2016-11-04,965331.4935927426,772952.73721259
2016-11-05,971087.6928797351,775617.6933709189
2016-11-06,929023.3914862403,760776.4837102367
2016-11-07,939215.2112920762,766221.0967417646
2016-11-08,912509.7364767347,755483.4613853649
2016-11-09,898785.1064889857,757861.6042477393
2016-11-10,928639.6778306122,763644.5397793547
2016-11-11,919166.6192683076,766573.7050937186
2016-11-12,912577.2853643802,766072.1262552337
2016-11-13,930130.9510526485,760517.1780664312
2016-11-14,931015.2096699151,757706.0127549281
2016-11-15,919260.7282871405,757402.0005230942
2016-11-16,922933.9723847063,759208.9491635364
2016-11-17,861471.2983486927,767188.3099644339
2016-11-18,920539.3489559261,767559.7097535987
2016-11-19,964789.1046262124,764681.1533013411
2016-11-20,854511.9270904973,757700.4149353856
2016-11-21,923338.2814811768,756316.4160413978
2016-11-22,929608.059262095,760044.1929400886
2016-11-23,945244.7325488771,759517.2207400759
2016-11-24,808325.9043626627,758135.1029533789
2016-11-25,859894.2900808321,767884.7612361085
2016-11-26,900529.7727991326,766144.7850057067
2016-11-27,855128.8714424089,748118.827904524
2016-11-28,786241.2968100075,757370.0984994214
2016-11-29,830419.972577794,760416.3191196544
2016-11-30,738637.5203107521,584534.2149175456
2016-12-01,710392.7714371393,769919.0455729358
2016-12-02,700231.6263792653,769358.8722320272
2016-12-03,931547.6519590213,770594.9467914773
2016-12-04,849935.524334389,759554.3515859392
2016-12-05,880776.5293920407,751751.3069264733
2016-12-06,813038.6740920723,746755.1444260947
2016-12-07,840780.4917029632,765363.5168528514
2016-12-08,855052.3668283862,741581.9045885742
2016-12-09,949576.3646616886,769590.6623531333
2016-12-10,866444.7288127746,773169.3707720094
2016-12-11,937273.5756521089,768134.5258284798
2016-12-12,835488.505204434,750502.2848404226
2016-12-13,788625.8588732836,765287.6758543407
2016-12-14,909235.4606599581,761939.573889146
2016-12-15,901241.6086216002,765712.7509791605
2016-12-16,882238.7741313381,774711.2216615978
2016-12-17,836827.2334984251,770478.1782132128
2016-12-18,818857.952617929,766155.4330561338
2016-12-19,875906.1935907486,763523.6833933347
2016-12-20,902958.4290984693,758824.1716546107
2016-12-21,821663.9657053049,646384.4514530877
2016-12-22,732250.4933746529,602777.0586689274
2016-12-23,853970.4346147716,662945.0822816042
2016-12-24,894795.7150893122,741114.956309345
2016-12-25,770511.9194542371,740672.8002378646
2016-12-26,653497.158407426,758459.2537624626
2016-12-27,755039.1631592485,658206.1833572265
2016-12-28,827449.284592619,742244.1894691559
2016-12-29,830455.3034530211,758655.3540252154
2016-12-30,882061.8475913185,742272.6494739248
2016-12-31,910068.1714417025,745708.2211250053
2017-01-01,904812.1038670209,751625.8868335794
2017-01-02,896779.1737029818,757496.7907825852
2017-01-03,865096.4342328558,758155.5258697957
2017-01-04,864289.7306607261,762719.5660484628
2017-01-05,836340.3467990333,748411.6613882727
2017-01-06,809940.0555455404,707467.0551590547
2017-01-07,798961.0914293858,706729.9763979968
2017-01-08,679681.2354814126,706347.004750704
2017-01-09,712878.0575828985,701512.143002549
2017-01-10,811158.9679450911,711752.7629422656
2017-01-11,638782.1607414664,600776.9695952208
2017-01-12,838429.2506597145,711836.0658953673
2017-01-13,911554.769222419,737518.4559254271
2017-01-14,894608.5005085141,738787.4164045501
2017-01-15,851521.6848509515,724987.3877565105
2017-01-16,887328.8851788571,725127.9757029671
2017-01-17,815124.8457724908,727813.1248473077
2017-01-18,761656.936027534,722347.579903471
2017-01-19,732013.7267144821,603528.1040865979
2017-01-20,863231.4553808408,698169.5299863967
2017-01-21,877645.7713294307,706087.194774736
2017-01-22,857886.0962279642,709091.4470153061
2017-01-23,870749.3156135604,715728.180541207
2017-01-24,828401.2940913639,690843.5527937628
2017-01-25,771972.8793471727,694098.1133670969
2017-01-26,817324.1406243301,696212.4538730178
2017-01-27,838545.5734558002,711832.6316536033
2017-01-28,862484.1992770911,716750.3589435552
2017-01-29,854928.7822380449,715225.720292363
2017-01-30,857287.7738788193,703599.6672027071
2017-01-31,829780.361704341,718287.9153227323
2017-02-01,840592.8695909659,716990.813224166
2017-02-02,821396.8996752554,697850.1000269558
2017-02-03,781800.8575984435,682151.4318686588
2017-02-04,767611.2812532265,670190.6780651337
2017-02-05,790033.1051397459,668236.8323566394
2017-02-06,740848.0077656267,645911.5494064055
2017-02-07,754828.2414174128,648995.121730027
2017-02-08,765337.0499403629,655886.037867376
2017-02-09,781313.4934486552,651547.3877934138
2017-02-10,790067.4110440575,651460.6559462335
2017-02-11,762425.6734008709,656060.8315587753
2017-02-12,737394.884948953,649652.4186482825
2017-02-13,693343.2502438554,655972.9717914665
2017-02-14,672573.3025767163,645044.3617248572
2017-02-15,785295.0541126989,669544.8994585065
2017-02-16,801052.4140908843,668914.0876482199
2017-02-17,784749.2418763285,662804.1084744467
2017-02-18,793562.1502209834,661670.2170087625
2017-02-19,798169.5536689466,657379.6325463252
2017-02-20,796661.904458087,653451.6344478792
2017-02-21,747641.4906467305,650081.8896449942
2017-02-22,637661.3992631093,575920.8788464698
2017-02-23,692821.3236816475,650155.2107504442
2017-02-24,763638.5078621845,612262.6919851069
2017-02-25,784690.8707338636,637048.4509979355
2017-02-26,767196.0967065024,652004.785065884
2017-02-27,781225.0730483775,660586.2732475217
2017-02-28,719921.4679720261,655401.550719203
2017-03-01,680941.6730488554,650763.8246432939
2017-03-02,764789.483532192,649896.8707217447
2017-03-03,794637.4643942473,659200.1047361086
2017-03-04,777523.8980780608,652861.0428536712
2017-03-05,798716.5461366775,656081.5123316861
2017-03-06,795926.0066198355,657854.913010571
2017-03-07,669214.1290213396,659156.7497510698
2017-03-08,711366.0468988356,658787.0579832637
2017-03-09,790389.4444160423,658884.5905630464
2017-03-10,782089.1455283511,665019.5215548546
2017-03-11,765993.2396500645,665679.1892496743
2017-03-12,760782.5767682838,667556.0282602219
2017-03-13,671012.1589523661,691319.4380594055
2017-03-14,777992.6104956374,689605.7421597876
2017-03-15,720344.2997691957,578574.1323204907
2017-03-16,775168.3538081559,654026.6946227637
2017-03-17,772350.1555606333,662108.0489797808
2017-03-18,829970.6215046243,666523.1008875264
2017-03-19,746009.6685599019,688392.8994818965
2017-03-20,758484.8931491721,711413.2166145907
2017-03-21,585626.7752368085,627776.6536221642
2017-03-22,614090.6469808109,570370.4420755961
2017-03-23,783572.7340835074,706014.9774987713
2017-03-24,776080.5976759023,726319.8544296023
2017-03-25,755165.3104297363,723574.6155539801
2017-03-26,676566.7347202017,718250.6226058288
2017-03-27,675309.7666527813,702901.3004393779
2017-03-28,655716.5421629592,700031.7266868561
2017-03-29,731688.5115117027,706452.0404573058
2017-03-30,756680.9381923277,708816.8963556985
2017-03-31,746447.2498984156,705626.7213600724
2017-04-01,779825.8404225464,704558.4299123791
2017-04-02,708446.7000713429,662310.5589739546
2017-04-03,765489.478330042,725102.4532774591
2017-04-04,746398.7437315997,723301.7498477484
2017-04-05,832781.8303380978,727077.4809319641
2017-04-06,891626.8352272636,730405.8087646425
2017-04-07,889746.6042051073,712322.9904667324
2017-04-08,861138.0576927592,713268.3646885188
2017-04-09,793409.1914498438,707146.1339807485
2017-04-10,886018.2489948865,729408.3157745217
2017-04-11,868313.4252022484,726653.592309761
2017-04-12,880258.8462254471,735969.3730355729
2017-04-13,794348.0600278925,733163.0524671694
2017-04-14,742735.0601008782,731244.3852734471
2017-04-15,739136.9418409967,723786.5805641998
2017-04-16,710831.829513303,725350.5903287549
2017-04-17,669752.2789928016,681290.1061843003
2017-04-18,756017.1159944588,736264.9382800605
2017-04-19,592306.3453067216,620725.9422756492
2017-04-20,683938.3932498692,736611.0182551568
2017-04-21,667641.7180687543,701189.5501560488
2017-04-22,675007.6449238515,702808.1254411223
2017-04-23,650105.7627852127,666750.8186191232
2017-04-24,655310.6834438667,580631.2746528084
2017-04-25,646125.2749187662,591407.4269644892
2017-04-26,659332.5876753762,591488.477417287
2017-04-27,664476.3745076249,591969.5060168904
2017-04-28,699549.7064435496,591813.2790681008
2017-04-29,720521.7295912894,607134.9071803859
2017-04-30,736771.5974496162,622371.0571522117
2017-05-01,733943.4026909797,630857.8996522756
2017-05-02,717339.63610151,585024.8579818126
2017-05-03,767225.880467683,627740.4267951798
2017-05-04,711393.7639938383,634848.6683164253
2017-05-05,782969.4100952928,624422.3808260261
2017-05-06,672191.8301283085,628605.9149182695
2017-05-07,793760.6872586284,619908.3661248053
2017-05-08,753861.0841790953,624217.4072428124
2017-05-09,723219.3745599518,576024.461431891
2017-05-10,780760.9250868256,636960.2430618631
2017-05-11,750028.5292099287,639615.4967251307
2017-05-12,785461.8935107278,634875.3860294378
2017-05-13,785720.673515049,637115.4697595695
2017-05-14,709160.0954099675,635092.6448707578
2017-05-15,610431.0986276162,634645.731921498
2017-05-16,740833.1008189863,632201.4182313067
2017-05-17,740104.0510058547,626348.8218403908
2017-05-18,749303.6535580368,610650.0798266003
2017-05-19,778665.2977172157,607016.5896637008
2017-05-20,767946.7631034034,642033.6933425311
2017-05-21,772161.645977134,637196.4511974164
2017-05-22,750021.6223940871,637603.8963353238
2017-05-23,730549.6375351592,601502.4125777201
2017-05-24,634384.3115057212,549636.1365745007
2017-05-25,739698.3422901946,610383.4832772749
2017-05-26,677915.3551928492,613782.9079371484
2017-05-27,738712.2868561333,612828.6810858289
2017-05-28,763418.4886466812,611528.1240442146
2017-05-29,759682.3898216739,618288.6481964767
2017-05-30,732239.8689836678,604994.9190492481
2017-05-31,721058.3778041393,601047.4991698042
2017-06-01,744813.7730484533,616896.4644493123
2017-06-02,731213.2000295442,610576.1875349171
2017-06-03,666950.2206918718,554714.2881823593
2017-06-04,659256.3111694028,549570.4627020481
2017-06-05,713735.6111737612,762230.4162011745
2017-06-06,734925.1173846073,761172.0808526495
2017-06-07,728875.2464745325,763261.4900460301
2017-06-08,692899.6797851709,757387.8761717709
2017-06-09,722602.3793219799,756605.0494628396
2017-06-10,704631.9060175817,752288.0369782937
2017-06-11,667303.6086538989,755320.7752555842
2017-06-12,733190.8120988396,757451.0762127632
2017-06-13,694844.9683304913,771026.8495439482
2017-06-14,599010.2158616718,668991.2730608892
2017-06-15,754810.0294110215,776631.8099346894
2017-06-16,739329.3000152506,758801.8416300663
2017-06-17,748505.212663311,735757.4582766925
2017-06-18,703312.9238838302,728372.3039074363
2017-06-19,758642.7989054952,762874.6515812322
2017-06-20,738626.4628839499,765404.5968220152
2017-06-21,656961.0310854727,683928.2479897531
2017-06-22,657847.3724725579,709100.9103962384
2017-06-23,716161.0146788121,749098.9677829669
2017-06-24,740176.210709727,756292.0973942349
2017-06-25,734121.2971420112,753442.216177074
2017-06-26,733635.3480074968,761580.6585936387
2017-06-27,696147.2673596787,762202.5934819754
2017-06-28,734500.4323046865,765964.6725685644
2017-06-29,726243.6234897305,766732.3130627968
2017-06-30,752220.1242260118,762768.3319891297
2017-07-01,738692.8744898661,763474.7544603206
2017-07-02,747379.5063721297,754284.5770622279
2017-07-03,733286.8774254584,753494.4657396366
2017-07-04,747021.368097079,755008.7946587382
2017-07-05,648387.3992541046,718770.79923013
2017-07-06,660509.2879052671,779416.3029033566
2017-07-07,676049.433969636,786452.382924802
2017-07-08,692651.1197293858,786010.100359331
2017-07-09,668010.5452689779,782368.3723813194
2017-07-10,670092.2849825568,770314.1678015218
2017-07-11,689757.5463828647,786988.9074415828
2017-07-12,747027.8900480907,782358.979501088
2017-07-13,707518.3998428831,773621.5321684805
2017-07-14,752608.8976156828,772050.2214818279
2017-07-15,751952.4233523682,787146.2242530095
2017-07-16,754381.089554819,765769.4593550905
2017-07-17,738491.047509891,772567.8877312277
2017-07-18,705603.527585018,762374.7341518768
2017-07-19,575251.1940700188,673730.3625676237
2017-07-20,667668.4855313995,770301.1471947924
2017-07-21,750329.4999932905,773970.3115765515
2017-07-22,739569.9892062527,730559.4660552845
2017-07-23,704977.5768485965,775424.396467252
2017-07-24,762748.2770260763,792712.5202358022
2017-07-25,765589.6302938056,751357.5962395746
2017-07-26,832224.7726896085,793882.7758865594
2017-07-27,839834.1746666036,791960.7808621994
2017-07-28,735827.3242047094,735484.8979995431
2017-07-29,752675.0462416474,717420.1405105174
2017-07-30,759440.277888209,708586.7361517973
2017-07-31,649659.0535109682,700316.8982122941
2017-08-01,697083.0060151215,618592.0716921387
2017-08-02,704892.9518114349,624405.4055751243
2017-08-03,773594.0669902229,679018.2870539968
2017-08-04,778943.8935326559,707707.590684738
2017-08-05,750996.5174215002,703491.0606476666
2017-08-06,776717.9234629374,692048.3835018994
2017-08-07,780301.940499673,690224.3364019512
2017-08-08,766575.7047233441,690672.7957024485
2017-08-09,789161.8883156322,691847.0316010001
2017-08-10,744419.7587509236,675863.0338189631
2017-08-11,709522.740655406,681158.8126788886
2017-08-12,697243.0486866565,682247.3895742693
2017-08-13,644077.8274784692,628837.8562851973
2017-08-14,691293.6544205536,615470.8816920145
2017-08-15,657350.6552182842,615902.9287741357
2017-08-16,604174.1920860385,510021.00230939995
2017-08-17,659809.308878908,575019.9418158781
2017-08-18,613432.3618202085,502358.32459031825
2017-08-19,613659.7686584875,508439.1164852195
2017-08-20,590744.2972040505,505247.98770429555
2017-08-21,523931.1945797258,512311.1956928172
2017-08-22,512838.6081039804,510646.6410056152
2017-08-23,589299.6968353344,508367.90279281675
2017-08-24,647893.0034734247,539338.403226352
2017-08-25,689472.1931905844,571367.1537571076
2017-08-26,696833.8214055911,571084.7833883106
2017-08-27,674893.2374326938,558039.4900534619
2017-08-28,665182.6103374959,577401.1683900852
2017-08-29,701483.6433750646,599109.9198410003
2017-08-30,726285.1132504654,621253.6650838364
2017-08-31,662908.3618225073,631477.4752199632
2017-09-01,702626.8087057734,640287.8770731812
2017-09-02,711756.7468957752,635598.5639800301
2017-09-03,700941.0662848573,640138.160353029
2017-09-04,717047.5381998384,636689.8935851534
2017-09-05,726606.8198493547,638462.450942277
2017-09-06,622539.9419090523,599454.3437947677
2017-09-07,645201.2429690956,634252.8061865601
2017-09-08,742521.4902815678,656501.6143610957
2017-09-09,730204.0844691428,673985.5421190206
2017-09-10,648650.5233895705,605696.3739939228
2017-09-11,500566.12965982687,451311.3151921824
2017-09-12,519726.19887358876,437607.81471331295
2017-09-13,479849.5065970531,441139.93179171445
2017-09-14,598647.4487129942,509959.85985230876
2017-09-15,663973.067032272,635716.2634859341
2017-09-16,709697.2927837262,648514.788635418
2017-09-17,704518.4020012062,651899.5733801447
2017-09-18,705654.8811562444,636869.049817126
2017-09-19,538841.2796600708,616817.0828140411
2017-09-20,579147.7965659244,618177.7416896746
2017-09-21,604572.4552802426,597541.0978580668
2017-09-22,630153.4032522036,592732.236868134
2017-09-23,674447.0337001103,657408.9517153021
2017-09-24,723881.4297826439,656247.8569724205
2017-09-25,736320.4470803915,652683.3196999024
2017-09-26,764398.5958495584,650121.2935289069
2017-09-27,768048.115197662,738098.4079990393
2017-09-28,876160.1621339695,792145.4688857737
2017-09-29,898390.408233386,842647.4229237267
2017-09-30,952917.0194002744,850536.93587934
2017-10-01,890733.427674002,852040.6236275195
2017-10-02,806847.3402354257,840099.647472912
2017-10-03,804441.2086695028,777317.5320298092
2017-10-04,920862.6753891787,928349.723499753
2017-10-05,889623.5109117863,909644.2741096714
2017-10-06,943874.9913937986,922783.9204443729
2017-10-07,950604.7495937931,939849.9089106864
2017-10-08,971244.0090569986,952590.7878722785
2017-10-09,920104.8101668059,951418.9983598898
2017-10-10,939349.8614696523,966762.2340361068
2017-10-11,971451.892129401,968687.1802697474
2017-10-12,956123.2748041385,976742.6667163057
2017-10-13,915497.57545419,913412.7749542989
2017-10-14,852038.4252046365,861976.6837255778
2017-10-15,820681.3258371404,856051.1645042604
2017-10-16,802905.6926335848,823782.1645098998
2017-10-17,937889.6347268204,968492.1282732636
2017-10-18,998314.4085914715,968782.4010821902
2017-10-19,986071.0443963213,972153.644079849
2017-10-20,999153.7284934955,970343.5693111144
2017-10-21,963239.4508455624,970730.726034006
2017-10-22,959478.20167359,963540.116092477
2017-10-23,989362.2259294745,962961.2205961964
2017-10-24,918132.088460415,970283.8422530345
2017-10-25,893272.4322838119,873253.1742306165
2017-10-26,944709.860948855,854031.4312238375
2017-10-27,841211.0472015188,891750.0005301937
2017-10-28,860256.1820011173,969247.5003657888
2017-10-29,910512.5687629519,975313.2340188228
2017-10-30,940547.6297106664,940992.4907010818
2017-10-31,845850.4144617885,892504.2669599566
2017-11-01,960041.6997302452,978171.3960659376
2017-11-02,939166.4148411881,955030.6204298593
2017-11-03,947596.889393341,948670.2566902285
2017-11-04,946097.2196593491,931442.2523279476
2017-11-05,914428.3080944828,934468.3148863938
2017-11-06,973762.547883239,944772.6069550616
2017-11-07,955169.8109736312,939489.2391073728
2017-11-08,916487.9407198812,943403.8642779703
2017-11-09,974923.8577535658,948425.5866190116
2017-11-10,1001918.8872430782,965199.8424078994
2017-11-11,989231.0483597806,977840.6562611948
2017-11-12,846142.7829177375,977115.2300551198
2017-11-13,773510.6013714926,955982.7170594517
2017-11-14,914746.5527123921,907014.1831235413
2017-11-15,954060.0544187411,985462.0128931368
2017-11-16,912389.8712950494,990568.266458847
2017-11-17,869189.2957700734,862589.3948780039
2017-11-18,990287.5924015924,957527.7220056246
2017-11-19,974546.8371190198,985432.0860178166
2017-11-20,998610.3442356383,980460.7351670807
2017-11-21,982319.3868845878,977618.9618046152
2017-11-22,984187.7005353571,981795.113305536
2017-11-23,959794.280413115,979414.8680755994
2017-11-24,979263.6996978685,968657.2755308402
2017-11-25,923488.7733939708,960215.5972123736
2017-11-26,955067.9028783109,965068.1493547836
2017-11-27,956639.6846630374,973494.0870479447
2017-11-28,863880.9033098314,942864.9597955133
2017-11-29,968293.4119416812,959961.2194091938
2017-11-30,1007354.6619356306,985823.7352244534
2017-12-01,945447.582288019,983880.5538980715
2017-12-02,917358.3939960191,985471.4564731886
2017-12-03,900916.3108854868,963867.9761624808
2017-12-04,935764.7121710861,940323.891972046
2017-12-05,795996.6740828106,770742.4466559613
2017-12-06,748234.8627870985,770471.895389344
2017-12-07,982640.9490707803,991933.3887243037
2017-12-08,1008484.3456579205,981625.5813742402
2017-12-09,1004814.0902694364,985075.9280527353
2017-12-10,904598.874251719,984746.910713559
2017-12-11,942047.7679810391,973433.171176617
2017-12-12,955662.5982221458,947060.5007521042
2017-12-13,901451.4108422921,906494.6371539857
2017-12-14,953580.2763530146,926840.00395682
2017-12-15,918703.8947455306,933635.710520905
2017-12-16,978407.0866771062,968107.8660692667
2017-12-17,986050.1915933954,968745.0056969417
2017-12-18,924107.8375258467,942447.3416375922
2017-12-19,936045.9514889411,971346.7467433482
2017-12-20,830398.3468616802,968178.460909887
2017-12-21,952471.1342307932,959091.062887642
2017-12-22,963185.4656700948,948176.6415575413
2017-12-23,948860.5725571226,950292.4941609934
2017-12-24,776264.1543257242,933880.1546902694
2017-12-25,654964.9865246996,856129.4519755758
2017-12-26,759920.7730295114,960252.6915364184
2017-12-27,870975.0664164186,979568.004494138
2017-12-28,895176.3837905241,974983.0760070373
2017-12-29,939475.1988715769,969225.5999924662
2017-12-30,961789.2900827779,961025.5397417127
2017-12-31,870219.6340090883,961146.9552661678
2018-01-01,720109.7164134872,948503.9895364762
2018-01-02,786926.5781820824,908994.9088901648
2018-01-03,875803.3544174024,941918.7723713621
2018-01-04,905247.0419608387,941187.289081877
2018-01-05,921644.1791817276,942922.8823058108
2018-01-06,942763.6281890438,968417.0947743981
2018-01-07,866350.4988094262,973352.8724783317
2018-01-08,887778.9895896144,911916.9690157986
2018-01-09,929268.3739851703,972015.0432807837
2018-01-10,959039.0676127665,961772.81902348
2018-01-11,912751.3793597524,947640.9805013826
2018-01-12,912791.297842217,966563.3977285472
2018-01-13,889188.7983782068,955723.9385893678
2018-01-14,885843.6616068829,945867.8274407369
2018-01-15,952465.4127254353,967702.1154838247
2018-01-16,871128.2489046355,953350.296818127
2018-01-17,896532.7798123326,949397.2170940528
2018-01-18,967347.8223362137,942677.5125240281
2018-01-19,943201.118320647,963541.6670663585
2018-01-20,970386.4899260624,966105.6923301877
2018-01-21,958781.7114835333,972244.6593079787
2018-01-22,917552.0635201395,930378.0118556446
2018-01-23,903740.6616459995,901207.1188473842
2018-01-24,947152.0127340071,979584.6544540594
2018-01-25,903720.9803964017,960404.6143458312
2018-01-26,922737.3802239953,984962.5216908249
2018-01-27,959496.3027753287,981196.3635546328
2018-01-28,974929.4415502842,972684.4842190981
2018-01-29,919691.9189335052,974240.8451364004
2018-01-30,857284.4877657802,974472.0667108773
2018-01-31,977217.6713785073,977002.0910663806
2018-02-01,969367.9104522796,973660.9572808301
2018-02-02,974367.2057209869,967294.3410842547
2018-02-03,961010.2500125752,965393.7269192195
2018-02-04,924248.4758305247,964006.6506266514
2018-02-05,964528.0484344137,979384.3890206575
2018-02-06,938651.7594437968,985527.0637093183
2018-02-07,962672.6623114343,979387.1900591298
2018-02-08,981612.9613060917,980319.2212302289
2018-02-09,971035.9798569543,980216.3867210634
2018-02-10,889911.1825689531,957363.3742904982
2018-02-11,944089.5270716908,945982.3337806893
2018-02-12,903584.7528444236,933359.1562191426
2018-02-13,903482.5909432671,973235.3899891506
2018-02-14,848478.9910491827,974386.1824368928
2018-02-15,895263.9991099171,968454.1736240099
2018-02-16,945359.8438877632,934036.8444268348
2018-02-17,966646.2807926937,949259.651903219
2018-02-18,888313.4456476256,970557.5544477046
2018-02-19,978416.414716175,978422.1091151199
2018-02-20,875825.5509153227,987224.5064344693
2018-02-21,879811.7411542058,948952.6211334569
2018-02-22,957627.4597662536,948725.1259153697
2018-02-23,955218.2302526484,975272.9265874992
2018-02-24,933355.0572536173,974051.2071826314
2018-02-25,947610.6268808437,962741.0747625098
2018-02-26,977481.0461480068,965944.4320180041
2018-02-27,922598.6070920235,971873.4474334018
2018-02-28,955841.7469506742,967327.4448599303
2018-03-01,987683.3805145494,961389.9647575465
2018-03-02,969985.8154537046,964132.4066524167
2018-03-03,976557.9552207951,961507.0633939819
2018-03-04,977643.1247601341,938872.7528121148
2018-03-05,819009.7402925654,943622.9772231291
2018-03-06,841401.1167499851,960166.4252099533
2018-03-07,881978.6137923633,975525.7675027556
2018-03-08,957566.8630129555,973430.1397800777
2018-03-09,1004915.0970158855,971146.0101090801
2018-03-10,959662.9374401757,968591.6880746351
2018-03-11,880526.3346733844,960881.6014920734
2018-03-12,765907.3204158657,969381.9728210063
2018-03-13,907298.6621982625,964847.1289731374
2018-03-14,848626.8780141657,900969.261026464
2018-03-15,993035.3730313617,969724.6237803055
2018-03-16,936329.5930799632,922022.0376081477
2018-03-17,935412.205591256,963260.7259845543
2018-03-18,957769.2047919795,965919.6837275786
2018-03-19,848718.3437832502,1000158.182444588
2018-03-20,943368.9334059622,997634.589850459
2018-03-21,989286.2233371874,992675.3130416032
2018-03-22,1037347.2887676965,996683.5142233778
2018-03-23,990215.4801132221,990935.192328228
2018-03-24,924571.8505172455,958790.6988518934
2018-03-25,915089.2782413955,944106.3330702124
2018-03-26,928729.0557562422,981476.0115266931
2018-03-27,890715.5284335668,910919.2387865146
2018-03-28,905326.4491818394,957200.621180409
2018-03-29,958751.5731790875,997724.0145523379
2018-03-30,936554.1843486706,983042.4896774724
2018-03-31,945943.4585655036,1004646.5357307382
2018-04-01,924577.3167991895,964177.1388635503
2018-04-02,952415.9874553032,957285.4848915029
2018-04-03,976710.5400148559,950202.8456125583
2018-04-04,834078.472988758,938949.3489539565
2018-04-05,986761.0018477939,949527.1604363018
2018-04-06,941211.5724102557,932402.4816030506
2018-04-07,913475.0031277855,952460.3106794923
2018-04-08,930224.5306664106,960782.2741186827
2018-04-09,989938.3224138162,965701.1388013262
2018-04-10,956479.5149861797,976274.9552708281
2018-04-11,966010.6737006615,975479.5659045985
2018-04-12,922440.908954171,992633.1195135196
2018-04-13,842492.568696094,813270.1426476099
2018-04-14,801930.1252434935,814408.829315466
2018-04-15,739993.2793568772,812383.8334736179
2018-04-16,817842.0253843901,815586.0373026762
2018-04-17,880111.6597906546,858058.9748109023
2018-04-18,717667.1607799891,783715.4960854414
2018-04-19,801835.3991638985,778081.3344973299
2018-04-20,828079.836700853,882786.7330415159
2018-04-21,904332.249500208,876944.0545049802
2018-04-22,858963.9266706883,868128.0240762738
2018-04-23,890509.2950512175,881773.9349591504
2018-04-24,945647.2354751768,947835.34092981
2018-04-25,1007436.9763272328,988781.214104903
2018-04-26,971247.1231647045,991888.7854343711
2018-04-27,921517.0741694233,972745.3526119114
2018-04-28,891813.938732837,961269.0398281362
2018-04-29,915765.6279523323,961465.3059050409
2018-04-30,957951.060013571,996807.8374948923
2018-05-01,991244.3717948184,1001261.0296072719
2018-05-02,1010210.8746307812,1006093.9972216013
2018-05-03,936142.8507603965,1008498.8984434792
2018-05-04,960907.915683607,1008966.8546314335
2018-05-05,935941.7300363686,1007727.8627457657
2018-05-06,763013.7777842499,997125.713036241
2018-05-07,927342.9521567371,1000860.0640592781
2018-05-08,965177.1267846538,968990.6575600455
2018-05-09,901948.8289435765,892071.2767783798
2018-05-10,959034.1181741303,941905.0798406933
2018-05-11,996882.2850814817,994106.7851670329
2018-05-12,999728.7164782669,992260.3649676774
2018-05-13,948960.6954609959,992823.1486093051
2018-05-14,974102.6917173244,974882.5435250564
2018-05-15,920338.4207079634,914782.9120548671
2018-05-16,894599.093165124,909529.0960876556
2018-05-17,897920.1276326542,913181.3374788563
2018-05-18,885802.1992604461,989943.9220810459
2018-05-19,1013001.1310676904,1006163.4308709695
2018-05-20,890752.5728881041,999583.2885348537
2018-05-21,929108.2692024535,998512.7859003479
2018-05-22,944422.5773241811,959319.4430806248
2018-05-23,800811.9059325315,873254.4148406438
2018-05-24,949867.7289589552,978003.1986475757
2018-05-25,926237.8825898055,998518.1478715794
2018-05-26,850401.8527251252,985151.7952160871
2018-05-27,942886.2025931834,987305.3388719219
2018-05-28,887877.3621500931,995988.0838872615
2018-05-29,930494.863839061,1004887.0856922914
2018-05-30,925103.2853337674,1007563.4864472697
2018-05-31,1012132.5279351588,1006461.5470329844
2018-06-01,994735.3950869113,1003761.3308770742
2018-06-02,916447.0586194957,1003135.8441742325
2018-06-03,947720.6299320778,982484.2349188785
2018-06-04,960972.7074536894,994034.5564087842
2018-06-05,1003416.5282420593,993833.8262450659
2018-06-06,985592.3056032788,999112.630123398
2018-06-07,922789.8538251863,998728.3035174739
2018-06-08,928200.0187911274,989301.3901924645
2018-06-09,974785.5054846454,988530.2642325619
2018-06-10,949029.0557971195,972465.081332913
2018-06-11,836631.7577574779,995449.9654423351
2018-06-12,902117.3731814346,893130.5502628323
2018-06-13,704754.263078126,729034.1775757171
2018-06-14,746859.1547801828,889346.5031545239
2018-06-15,961265.2250791601,1004526.2755187033
2018-06-16,888846.5822564038,1005136.7336868697
2018-06-17,962012.0007986664,1000165.1414761593
2018-06-18,967856.3752844426,979657.239452588
2018-06-19,969066.605484306,981895.0927292218
2018-06-20,983846.2499754607,983161.1652249469
2018-06-21,957072.0163287222,981166.3842368913
2018-06-22,995608.6297922579,964803.9891341677
2018-06-23,947159.023214859,984338.1607464945
2018-06-24,897867.3455193057,952784.7354050073
2018-06-25,961393.9466634595,993071.9666273182
2018-06-26,933905.5857577255,977929.9061870737
2018-06-27,921394.2244101511,924403.1048379989
2018-06-28,957419.1481100561,1000169.4295387075
2018-06-29,957087.3275993756,990251.4112938388
2018-06-30,904871.1715098759,954920.5268312386
2018-07-01,859774.8722542451,951069.9784161246
2018-07-02,989314.2349336104,975507.9782830082
2018-07-03,851437.0773394634,907842.2284286383
2018-07-04,981758.0972289782,979935.4976058272
2018-07-05,1004643.9867423581,981222.995743145
2018-07-06,963741.9998036807,968257.0388522352
2018-07-07,971329.3538734032,966125.8428241427
2018-07-08,947231.9163883828,967329.5594354208
2018-07-09,999372.7269317434,1005084.1717117733
2018-07-10,960875.5860320523,997104.0793710883
2018-07-11,915653.2220018866,1000476.4818849503
2018-07-12,968090.4156371321,1001032.7410590049
2018-07-13,946732.7745969527,975341.7243512392
2018-07-14,937334.9031262395,974443.232194057
2018-07-15,881664.1016963773,968840.5880457687
2018-07-16,964850.1778188271,1000052.9254157866
2018-07-17,919400.18640189,929448.1010827775
2018-07-18,712714.6127386314,896589.8615710613
2018-07-19,862895.5934725045,996846.0394536597
2018-07-20,994652.05950216,988086.651580993
2018-07-21,962881.7611557684,967387.2227065692
2018-07-22,916355.8845099478,985948.3334945407
2018-07-23,965211.3482895382,986991.5118693616
2018-07-24,1006701.7553595327,1006912.4144026904
2018-07-25,1011083.7083676865,1008663.0947886036
2018-07-26,1027701.3930330153,1002674.2589101751
2018-07-27,989482.4405324052,991704.1178881797
2018-07-28,976087.7174379878,995164.0479317085
2018-07-29,909922.8902047963,976603.7118308711
2018-07-30,996928.9468351193,999041.2703482413
2018-07-31,1027454.0558037701,1001583.2559128046
2018-08-01,981082.2253437905,999900.5541830582
2018-08-02,958545.3070327028,969788.0297803252
2018-08-03,898360.0073453739,988768.5869062534
2018-08-04,904734.1538309731,962748.4743342937
2018-08-05,946364.2268779288,988539.659994758
2018-08-06,991116.7518803634,996576.6540883923
2018-08-07,1006537.81548392,1001042.1804271351
2018-08-08,948899.1136322396,968029.4624736556
2018-08-09,930338.9975369242,984277.2721650633
2018-08-10,1012729.0693704563,988283.9067166363
2018-08-11,982883.7054395252,979189.0675946204
2018-08-12,959750.5389286105,976422.1252056648
2018-08-13,876246.0471228358,897240.2920978533
2018-08-14,946703.5846170437,926051.4485354702
2018-08-15,806157.8150622632,890339.7929074577
2018-08-16,726521.9811908746,899756.6737859211
2018-08-17,849005.9540680569,864960.5749752393
2018-08-18,895462.7940979174,864424.8993958428
2018-08-19,819149.3211930082,876904.4884044104
2018-08-20,757759.2455810829,761434.9527877499
2018-08-21,620224.734284369,651403.4339666105
2018-08-22,590736.7331420898,649876.7235060432
2018-08-23,628085.4486699934,648205.7392547372
2018-08-24,767884.8142525377,749978.9376401976
2018-08-25,769145.4963406012,800519.7140377505
2018-08-26,687445.6149333115,774834.9442445487
2018-08-27,631257.5893250807,654309.628732439
2018-08-28,749105.291226331,706201.1998760634
2018-08-29,891100.2087593172,916037.5731008773
2018-08-30,883331.7810149711,921758.2421099662
2018-08-31,911450.1832003926,965201.0043151736
2018-09-01,908366.4660446642,993127.6602959151
2018-09-02,953551.8386076249,992987.0907712142
2018-09-03,900398.7914675708,996682.3550302765
2018-09-04,929746.2597967479,962234.2794539098
2018-09-05,892816.0509558746,903131.3491576342
2018-09-06,876213.7771363992,891434.8727918061
2018-09-07,916337.5953204395,959030.1049127606
2018-09-08,962084.610703237,964578.981042948
2018-09-09,921773.4017083356,928057.5959037561
2018-09-10,772746.9401596158,902605.0778620725
2018-09-11,656969.9240709824,797600.1183074302
2018-09-12,773363.9257717751,782457.3759245863
2018-09-13,693063.3123751562,700529.3489586789
2018-09-14,713056.8066804291,787679.5602834914
2018-09-15,685769.7278166814,737075.663608426
2018-09-16,662500.5336596653,711097.5435793475
2018-09-17,626124.5044493262,636451.0971219919
2018-09-18,696537.2007721283,709676.9888499404
2018-09-19,778543.2379305698,858058.7528570688
2018-09-20,902191.6537204914,990323.5580493556
2018-09-21,945907.3870119357,964558.5521313448
2018-09-22,933717.146489415,957308.4923481354
2018-09-23,916214.5671916897,957346.5268607927
2018-09-24,831392.364242933,937608.549705641
2018-09-25,870950.1180685111,893091.2318587193
2018-09-26,931493.0523491023,1000242.3746507432
2018-09-27,985113.4179302489,1003536.8786357226
2018-09-28,963714.3696166229,1003734.553426795
2018-09-29,934215.1321401695,991567.0130583738
2018-09-30,817984.7705048217,960053.9829273836
2018-10-01,886841.0987467718,1006958.9025660214
2018-10-02,964533.5615872715,1004427.048800948
2018-10-03,917460.7516486086,1007540.7777560836
2018-10-04,868101.9516007084,1007971.5021195221
2018-10-05,810776.6952166345,992851.3035715298
2018-10-06,780063.7145268951,966550.1660443159
2018-10-07,892110.9789876257,967967.7544214501
2018-10-08,840716.4549759981,968099.3549282802
2018-10-09,869323.7973043163,936481.8054283126
2018-10-10,936066.3402641639,964623.2274860683
2018-10-11,946990.8491432808,968242.9143106693
2018-10-12,897742.5866331251,948421.0334095366
2018-10-13,841570.0014328863,945706.9551739657
2018-10-14,850969.8610126723,944036.7289565384
2018-10-15,856914.4315100245,966185.0632312157
2018-10-16,757006.4436636344,898236.3327166301
2018-10-17,749979.4584829785,852460.4218733412
2018-10-18,715255.0268869011,973641.7902764909
2018-10-19,778691.1347722064,970617.7317147596
2018-10-20,736651.1644971961,972644.1256535907
2018-10-21,776018.523420422,883181.8534905737
2018-10-22,770227.8109234124,894096.7025358778
2018-10-23,863141.7840659677,882348.8313396764
2018-10-24,897870.5325482305,939908.4712985206
2018-10-25,920176.8335054237,972783.3951817492
2018-10-26,934013.9141171445,950269.9884624346
2018-10-27,927949.2083882041,948445.0441081679
2018-10-28,939653.2391696088,984305.0540317396
2018-10-29,947215.6545880294,1001539.0481547037
2018-10-30,948547.5039460333,998109.9294025016
2018-10-31,964346.8246085545,1003549.9683773235
2018-11-01,954126.753187641,1001850.1505138319
2018-11-02,952063.5686231249,985851.2607665475
2018-11-03,996024.2853296393,994394.2059110439
2018-11-04,976322.3487958995,986795.9460285706
2018-11-05,973505.4919356966,997344.7356669261
2018-11-06,921303.7108888833,965686.5905918076
2018-11-07,981038.4990091634,1002870.0645767844
2018-11-08,994183.172190836,1008264.5106456751
2018-11-09,954807.0941794702,993795.5838920653
2018-11-10,960338.3568300653,983270.5163769618
2018-11-11,1001097.3524877566,984142.1433244505
2018-11-12,953516.2253591447,998969.4759119898
2018-11-13,815007.9745537225,944993.5579922036
2018-11-14,900032.2156007697,1008590.6304329594
2018-11-15,796090.618025383,1003959.6220273175
2018-11-16,853654.1306721934,997810.0828209147
2018-11-17,995016.5244035654,996198.5862538397
2018-11-18,958841.3326720212,1000294.2839035172
2018-11-19,927873.797841018,1002405.7225927201
2018-11-20,930646.8311134963,1001908.1335344175
2018-11-21,985246.4463509263,1007554.9282148274
2018-11-22,1030943.2241025235,1007451.4296674589
2018-11-23,969453.353781086,978676.4879118435
2018-11-24,924570.9589961355,973308.8118045114
2018-11-25,907887.9475140701,1003144.3289878053
2018-11-26,965100.2674633184,1001140.9158429587
2018-11-27,984622.8839689754,1004959.8994736265
2018-11-28,977453.770571527,1000366.4064355764
2018-11-29,910286.8550062032,922849.4096765692
2018-11-30,861923.3830790478,887425.8592247322
2018-12-01,957854.0357769585,990865.5546218691
2018-12-02,941997.9856328976,992497.7627062808
2018-12-03,961360.4077488593,1008084.5288065834
2018-12-04,847494.0233566709,1005313.1965729954
2018-12-05,844268.9434311674,941497.3684061583
2018-12-06,807384.1955604649,913803.774976792
2018-12-07,913967.0687382724,940313.5934987816
2018-12-08,958900.6600629557,1008097.4102217692
2018-12-09,939777.4835759293,1009675.9602159377
2018-12-10,970411.0148041828,1005088.8873318569
2018-12-11,870761.976577022,983304.322960573
2018-12-12,861900.8347125013,945236.4529935966
2018-12-13,962006.7748908731,1004084.0962770061
2018-12-14,913380.2043358813,1016089.2587702161
2018-12-15,1013004.2221749158,1019281.4379090992
2018-12-16,1025359.2995201037,1015067.381738059
2018-12-17,1014235.8937135017,1017416.1840706074
2018-12-18,1002364.3654615645,1019760.493054798
2018-12-19,943903.6860862786,1023912.4143831664
2018-12-20,1019155.7096786553,1022436.3653135371
2018-12-21,977716.9511972317,999388.1522866904
2018-12-22,1012090.3964676441,1005538.518479181
2018-12-23,960899.6850512947,1000177.4311707399
2018-12-24,964751.2830001165,973951.501314346
2018-12-25,945099.6161165363,966610.8000919085
2018-12-26,895292.004397249,992449.2338207028
2018-12-27,945059.5504291807,1011949.3130686908
2018-12-28,939221.4203396253,983392.0743109003
2018-12-29,920013.1777282688,974735.1631599886
2018-12-30,896387.893523947,975891.0991662053
2018-12-31,932781.6795206541,999556.2613674798
2019-01-01,969475.2633523346,1013307.3098240708
2019-01-02,959390.8065786907,1013678.3074971047
2019-01-03,919708.6445527517,1014008.3037435914
2019-01-04,934348.6440844818,982426.1816252904
2019-01-05,964808.3306531064,1003490.2324840302
2019-01-06,949467.9225028334,1003471.8303961152
2019-01-07,924189.1787329912,1001430.1614747375
2019-01-08,901124.8643798791,1003713.6341399313
2019-01-09,937350.8913005698,1006945.3588937353
2019-01-10,957436.4064381454,1001867.0389346416
2019-01-11,964190.9185875813,1001633.3120816103
2019-01-12,1006674.5804081126,1001077.7396691132
2019-01-13,960817.3376788198,999822.6131688801
2019-01-14,842415.3917534818,972964.5002162543
2019-01-15,749162.9820203944,783698.2455258752
2019-01-16,701048.9497560909,728814.1795983615
2019-01-17,925078.0265462769,945875.4273771077
2019-01-18,970836.4643145729,989642.6627893011
2019-01-19,975120.7574353181,983486.4604739262
2019-01-20,895382.1527846456,989525.1117371013
2019-01-21,882099.0156291047,1012989.8471961424
2019-01-22,989141.3021822416,1012944.1024987339
2019-01-23,949828.2980257467,1013604.0036738401
2019-01-24,923865.706177919,1014274.498281362
2019-01-25,921635.2752914822,1015699.6336531844
2019-01-26,881724.488613986,1014369.908402921
2019-01-27,909221.26154342,1019366.8944725638
2019-01-28,907932.2070900874,999941.365100959
2019-01-29,865429.0854827332,1004537.3842142323
2019-01-30,805988.8017183965,971038.1780964158
2019-01-31,846236.7926233467,970524.0233877678
2019-02-01,892015.7055753301,968836.8362552843
2019-02-02,925264.7726495692,1008158.6441841873
2019-02-03,930686.5292552089,1003142.96762526
2019-02-04,956515.2291064176,1011876.4378664242
2019-02-05,961088.0052318342,976329.1042200866
2019-02-06,853921.061088801,874764.7278488526
2019-02-07,968616.9403205964,1006494.4398180785
2019-02-08,1008776.7020925699,1001189.5176299126
2019-02-09,996309.0692762112,1000726.4753870915
2019-02-10,829414.9366260896,1002403.5128453565
2019-02-11,894201.3145645402,1006103.435196393
2019-02-12,896725.6858994043,1009959.6212598574
2019-02-13,955371.5031967099,1012732.6172406998
2019-02-14,970742.4564830356,1008225.7579931208
2019-02-15,942270.1151165628,953329.164848206
2019-02-16,939536.7706502834,1008384.0572683447
2019-02-17,934129.3091465102,1010141.7636341843
2019-02-18,980865.9150914993,1004473.9681653777
2019-02-19,952912.0710548084,1005932.4324222282
2019-02-20,950351.1291889577,969431.4937141443
2019-02-21,992862.1703047032,1004567.9052198085
2019-02-22,937299.3335400014,940335.6571199283
2019-02-23,986905.8219821313,1004932.6086996312
2019-02-24,827224.3266779103,982486.8566062847
2019-02-25,892860.3901022745,976182.7167342788
2019-02-26,902738.3690342872,967214.2653199463
2019-02-27,936990.9119634712,989302.2665278428
2019-02-28,874821.7181643288,937140.7765893647
2019-03-01,892328.7399540396,980707.8783469513
2019-03-02,873057.224684323,986267.5948610208
2019-03-03,762323.409728252,976823.2547320825
2019-03-04,838331.7449424887,999347.8756615521
2019-03-05,894333.4813069615,994499.9856833564
2019-03-06,869276.8297178312,969975.2616963459
2019-03-07,801259.1375472313,831186.0014880674
2019-03-08,910304.0486251687,993985.1195762638
2019-03-09,885485.455940573,1010255.7967309719
2019-03-10,869486.9152857607,995367.0315869587
2019-03-11,835028.2872784672,971943.4330236367
2019-03-12,847186.1153523598,930648.620328069
2019-03-13,849732.0573447278,930251.7477993481
2019-03-14,830182.7884039457,928661.3133677085
2019-03-15,785663.3000102935,826836.9989967337
2019-03-16,727315.4468005057,748084.5882286169
2019-03-17,727204.0420687104,742354.3266857867
2019-03-18,758034.0209790677,794772.8382623781
2019-03-19,838448.287511076,790319.5755640407
2019-03-20,828248.1223878213,875405.7808905998
2019-03-21,873355.3137325679,878229.6406689242
2019-03-22,837140.6300115525,877625.1344245578
2019-03-23,835398.7518220278,878028.9392397976
2019-03-24,791474.9481501419,879832.7310298154
2019-03-25,819302.6242053299,883466.6593266428
2019-03-26,859527.1741930273,882816.6176949117
2019-03-27,778291.4456409959,874502.1763093631
2019-03-28,873177.0871261825,914865.2604172846
2019-03-29,844467.659891177,914824.2068332415
2019-03-30,815585.8005668971,914603.9461557734
2019-03-31,838914.8108842443,909300.2200341058
2019-04-01,858644.4449648687,909578.1862351951
2019-04-02,811550.0126023744,911549.4276305576
2019-04-03,937018.5036636165,958677.385134734
2019-04-04,983014.6238947891,975825.8406699108
2019-04-05,959668.9658734122,1012097.1090500181
2019-04-06,917051.549125653,1014370.3833911859
2019-04-07,885910.3047571484,985945.7872186055
2019-04-08,921058.2123480414,1009678.3331775405
2019-04-09,890270.4406706347,968735.3194907345
2019-04-10,913527.1935408383,975939.0064477079
2019-04-11,970470.3366002156,977848.432505379
2019-04-12,974321.2727887678,953779.6957056125
2019-04-13,937951.603438461,967926.1551106478
2019-04-14,861948.8721795976,889991.4251367694
2019-04-15,779423.2119790899,824864.8934231995
2019-04-16,611752.4177724515,811706.2993084383
2019-04-17,693162.08767872,813330.1258280028
2019-04-18,666251.483294811,728330.3694313072
2019-04-19,687993.3297273933,781256.3382784409
2019-04-20,773544.7740746291,789738.4137899366
2019-04-21,787154.8654450609,787821.018068143
2019-04-22,804038.33689686,786498.1443077327
2019-04-23,815799.5442957652,819970.7449364577
2019-04-24,806478.9725858512,824504.1849497835
2019-04-25,814992.211693095,824002.3322595798
2019-04-26,805127.8502398656,824246.4496570379
2019-04-27,776898.6972028464,826151.9671342433
2019-04-28,816011.7829042734,814236.1812754761
2019-04-29,735737.6133592734,820152.6506122918
2019-04-30,703167.1890246113,796282.0636238203
2019-05-01,746761.0230175467,758411.6912524324
2019-05-02,736543.1780005214,751521.6283785949
2019-05-03,764133.7450054091,753099.3821238952
2019-05-04,739734.2110426419,755379.075026658
2019-05-05,750955.4205313954,753954.254307243
2019-05-06,725569.438315435,740099.8301408116
2019-05-07,672133.0686743342,695431.6010205068
2019-05-08,788454.8214637268,784901.4357631726
2019-05-09,790984.8618369129,793447.4714662565
2019-05-10,795919.2128954323,797747.0473655643
2019-05-11,810986.760781059,798553.3260399452
2019-05-12,931801.9314220893,885094.1328644991
2019-05-13,885832.3759405215,918733.8079307795
2019-05-14,826899.9711900111,876861.0250110987
2019-05-15,761499.3510442676,849751.2676861885
2019-05-16,794138.4882700389,864000.7170426891
2019-05-17,888821.2249646864,914689.747662128
2019-05-18,939581.9146739229,966380.025322358
2019-05-19,902947.7485537294,965067.5518035649
2019-05-20,963511.1584543127,961832.6911802039
2019-05-21,847517.7443675462,888659.9827874635
2019-05-22,690753.012794476,769679.153010356
2019-05-23,816689.9918583231,852757.0303391329
2019-05-24,736609.0610794248,860100.0847134566
2019-05-25,841149.4195128585,867786.5815478134
2019-05-26,827993.1339768184,861822.7665021314
2019-05-27,782724.3046321587,864164.6517063234
2019-05-28,828421.8126178585,862577.9392303983
2019-05-29,795264.4111758394,850459.1131691585
2019-05-30,738827.8937191098,863814.4436731272
2019-05-31,744406.6015486006,885607.5856479651
2019-06-01,792816.9250409334,781541.2721291829
2019-06-02,706138.8236303921,784017.831997353
2019-06-03,574708.6824942832,597778.2681397968
2019-06-04,548797.2932323827,616427.4407579415
2019-06-05,465188.94384183193,623874.9820439345
2019-06-06,446343.64631744404,511454.73281163385
2019-06-07,577005.9140150339,615393.7452599001
2019-06-08,558119.7739568905,610870.3982928072
2019-06-09,528806.6438990195,604116.3716560841
2019-06-10,582175.7540894012,588296.8108925524
2019-06-11,651653.5210849048,601107.9725974351
2019-06-12,797372.4384746916,857812.6912821406
2019-06-13,850934.9889939692,890049.4480642045
2019-06-14,825299.0073659546,880532.9226201652
2019-06-15,784902.3383966254,877671.0886234344
2019-06-16,795756.9132196943,900697.439606521
2019-06-17,801218.798322515,883303.0926659586
2019-06-18,862413.3163988307,872100.8362641206
2019-06-19,790033.8481490428,820877.8051509549
2019-06-20,849240.0328453333,865452.6902421969
2019-06-21,857442.1056592725,882539.3593160923
2019-06-22,713614.0942491381,885309.5503658967
2019-06-23,685518.1647913402,881822.0572859292
2019-06-24,858781.912936173,873597.2505476768
2019-06-25,882059.6905867457,903343.6107699618
2019-06-26,825372.1780488362,906934.2924650286
2019-06-27,836005.874266486,913334.687885744
2019-06-28,827878.3146450466,913440.7608449168
2019-06-29,757383.275442071,909137.4723789607
2019-06-30,768966.9971214999,916676.6594455828
2019-07-01,800178.6320528783,908803.9509185051
2019-07-02,825780.0578463294,908916.1678267488
2019-07-03,845144.74835957,885269.3470378619
2019-07-04,757110.3179763618,911143.2329349848
2019-07-05,766454.430007096,905714.6216519881
2019-07-06,792499.6556935667,901750.7462924756
2019-07-07,723685.3159918606,896053.6143068279
2019-07-08,830098.2143376975,912527.9290783787
2019-07-09,867701.2876177822,896268.4464178545
2019-07-10,890655.1495794542,878175.874249553
2019-07-11,867144.7358895274,898983.7784245424
2019-07-12,859879.0279525123,957754.3076366257
2019-07-13,944278.6792510402,961693.9823306417
2019-07-14,935714.9438875545,957404.2699080532
2019-07-15,937341.7230998322,969581.720468904
2019-07-16,902880.4507314985,972160.7823837567
2019-07-17,897390.0101985249,941061.3888957128
2019-07-18,900538.7552408151,957078.3214827329
2019-07-19,922211.2450782201,946999.831086819
2019-07-20,931851.4969348384,939526.8965209653
2019-07-21,867442.3940677615,934435.8810060985
2019-07-22,821156.5874267698,917911.0837280327
2019-07-23,767918.6515513463,915648.919332719
2019-07-24,713410.340515759,835872.8946846233
2019-07-25,718177.0204182467,836646.923435289
2019-07-26,685593.5708833007,784643.904815518
2019-07-27,717621.413436653,783021.2685708735
2019-07-28,731210.9629250579,782723.0972948973
2019-07-29,798804.5840545287,788966.606768536
2019-07-30,748292.3514562063,786055.7632887446
2019-07-31,608529.6028157719,695239.9924242431
2019-08-01,719749.1736324574,756438.3818081657
2019-08-02,686370.8287072368,828985.1468515206
2019-08-03,776562.4271070643,841937.1235382241
2019-08-04,835043.5068031555,841991.0478129014
2019-08-05,803152.4252321174,847358.5675914763
2019-08-06,800657.849274842,803903.6656576255
2019-08-07,600917.6869621994,650265.7276189658
2019-08-08,525987.8302235681,648416.8383453725
2019-08-09,670369.0927612681,842751.7179812529
2019-08-10,771311.0877589332,838415.4734127441
2019-08-11,848435.2055101731,849026.0893782517
2019-08-12,817740.5391160602,849975.5944499172
2019-08-13,757783.4452102022,825239.69408412
2019-08-14,844569.5591336528,844984.6150827714
2019-08-15,865556.2127050362,848695.6658558658
2019-08-16,862488.6315390345,846751.6954466299
2019-08-17,813489.5902787976,841785.2024813789
2019-08-18,651624.2768911597,839729.5561426702
2019-08-19,715628.7844886797,845687.0949164561
2019-08-20,690806.8116451812,845830.7376727655
2019-08-21,751537.9936928289,846964.0567389169
2019-08-22,790922.9657940202,1008467.6611650166
2019-08-23,805849.5386985012,1000564.0596273675
2019-08-24,840641.7115011731,1004854.132446336
2019-08-25,850123.2617309376,1006825.8299150495
2019-08-26,804412.5235450215,851528.4213116319
2019-08-27,802228.9777074002,848765.7075915015
2019-08-28,854594.0422614507,859844.2665916724
2019-08-29,841180.5192992025,860233.5034347326
2019-08-30,849675.3400010173,859313.3292178166
2019-08-31,834190.1660377906,853028.6094829049
2019-09-01,772454.7091942169,853093.9421224778
2019-09-02,811143.2013140275,852539.8159679897
2019-09-03,826999.9367811483,844672.2917864345
2019-09-04,819656.2490038493,845652.3103148952
2019-09-05,816965.3892186001,922924.0892094561
2019-09-06,884037.1141080658,948969.4952635189
2019-09-07,906338.0158500421,950368.1958246321
2019-09-08,938296.8890801128,945734.2030296755
2019-09-09,909981.3662667293,905976.642045614
2019-09-10,901108.4356281442,912830.5345600828
2019-09-11,909686.354572866,940641.3246781176
2019-09-12,878383.1945621272,937176.5371309491
2019-09-13,898951.5105316499,892466.8529235203
2019-09-14,894454.1049083271,994892.442075392
2019-09-15,843379.3902543093,992463.4294532291
2019-09-16,834790.774436375,974508.6900461749
2019-09-17,832863.2583627523,890125.7200893143
2019-09-18,863406.8082405548,872986.531411934
2019-09-19,922624.2994777777,926947.200183325
2019-09-20,989314.5935300112,965601.2932708906
2019-09-21,974703.9258806217,959185.8388502972
2019-09-22,881379.648191715,924389.49949986
2019-09-23,842233.6071217849,875484.1767037807
2019-09-24,825606.5407122328,901781.5052665423
2019-09-25,695112.0111796285,898303.6613997087
2019-09-26,858164.7506020487,895405.7273665913
2019-09-27,936412.4248846887,937212.0622740282
2019-09-28,978945.2132955802,988412.6579718365
2019-09-29,967594.1282285621,1007224.7314754876
2019-09-30,967642.9070036697,1010619.3897512099
2019-10-01,929327.4834608764,1013093.4138072729
2019-10-02,991014.8146049085,1016350.0508406471
2019-10-03,954863.5774234908,1011873.0273503144
2019-10-04,935343.4874237656,1007388.3418883731
2019-10-05,980176.8482028412,1001514.1422854577
2019-10-06,838412.8617625304,940788.8506101936
2019-10-07,799541.4884986556,793168.7541766282
2019-10-08,791673.8672048646,795668.9834236711
2019-10-09,768701.9602540662,793238.1290625298
2019-10-10,771553.7749196506,801167.6554625697
2019-10-11,831992.1519308052,911738.4187092822
2019-10-12,1008485.4564629017,991753.0319947003
2019-10-13,936312.8903370659,1003029.0053808824
2019-10-14,951305.49850126,1003463.1612347527
2019-10-15,961931.4741906538,984872.5386479821
2019-10-16,829110.0487026372,859871.7783244983
2019-10-17,976948.4183764042,1018411.0623620718
2019-10-18,968762.8116841195,1008435.5386948722
2019-10-19,969501.9704323405,1004009.3393275747
2019-10-20,910958.8483111353,999882.479841512
2019-10-21,954417.6197908362,1003664.1287660834
2019-10-22,962932.5821814067,1005051.1474162994
2019-10-23,851162.7434064029,979602.3429759478
2019-10-24,880195.8065878352,983402.6847477165
2019-10-25,967045.106687573,966161.5462007384
2019-10-26,987131.0162703908,958778.6126728273
2019-10-27,970817.161581354,957890.402776333
2019-10-28,976588.8541860841,966014.783387761
2019-10-29,913139.6488188851,963697.1451864974
2019-10-30,894325.2682365143,901584.7703953537
2019-10-31,896929.9449054042,965352.5250430732
2019-11-01,959930.3123003113,973742.7734985253
2019-11-02,985402.4773409526,967619.8495952804
2019-11-03,951269.9035114184,965241.3516183975
2019-11-04,907793.8084073935,970115.42648332
2019-11-05,823388.6269895594,920662.9746874757
2019-11-06,857519.1509745595,952646.8976398114
2019-11-07,779455.9132440201,951717.9758259906
2019-11-08,1041376.1227330244,955851.8790289335
2019-11-09,914193.4036632883,956069.6775132874
2019-11-10,953904.6595288421,949316.034397769
2019-11-11,874242.0422573552,932964.9485828005
2019-11-12,932968.2462312772,945114.4548790555
2019-11-13,792876.4370199662,823453.9028222504
2019-11-14,890070.5392066789,927833.2005537801
2019-11-15,905701.5093008996,938299.7068431773
2019-11-16,915088.3937970569,928943.0588502471
2019-11-17,890617.7549619462,933878.8298111449
2019-11-18,866329.9322796322,929667.3285691179
2019-11-19,857745.2454039898,925246.2908722066
2019-11-20,802859.979051623,925631.1474396905
2019-11-21,911494.0748679336,929070.7708205734
2019-11-22,910883.2127548031,935559.6922582308
2019-11-23,935772.4517037506,937208.0310230474
2019-11-24,897047.9522066339,930623.5272517757
2019-11-25,840927.7431186081,908462.4129379214
2019-11-26,801822.6021793969,847291.7979261519
2019-11-27,871097.9878638389,947586.9972286511
2019-11-28,944741.049222325,948495.4355312997
2019-11-29,961801.8047021533,958737.9747835308
2019-11-30,966321.0285925756,958202.9222051353
2019-12-01,967151.3089323139,953175.0232083482
2019-12-02,966086.0594344672,962437.5309864779
2019-12-03,981800.1323289846,971130.3766202482
2019-12-04,887584.1335563748,899630.3403514196
2019-12-05,862034.4097407393,929458.0064085813
2019-12-06,892313.6559214985,936300.7138908667
2019-12-07,898939.631039226,921479.3984102817
2019-12-08,923900.1782354605,918913.2297365916
2019-12-09,935765.3092939481,920531.3365677586
2019-12-10,882472.2531564765,920076.8094691571
2019-12-11,913087.5286681862,918829.8851290562
2019-12-12,828905.4943722073,907442.3119342255
2019-12-13,809110.9877883113,907760.983320602
2019-12-14,844115.0655106233,910449.5145481753
2019-12-15,930572.3138255755,913964.8892400108
2019-12-16,915120.298672653,921076.5770004748
2019-12-17,901223.3726078446,918881.1308506049
2019-12-18,868150.8762570963,862662.7153939229
2019-12-19,893263.1364122087,903869.3644396899
2019-12-20,915383.8840284015,922279.5108765829
2019-12-21,926584.5834396399,922319.029723626
2019-12-22,932618.4253110753,915821.0341725779
2019-12-23,847585.8919798501,871165.1964317225
2019-12-24,921339.1846759792,880491.2313040645
2019-12-25,727152.0019748826,785106.297849447
2019-12-26,882990.9249974058,903103.798420094
2019-12-27,877068.6121708875,865977.4697211463
2019-12-28,884869.7209233628,893213.4743457204
2019-12-29,901906.6269434234,890493.1357536983
2019-12-30,938388.8075887456,937847.3336972259
2019-12-31,897884.6554391028,885460.5706937035
2020-01-01,968668.801505734,967754.1582233744
2020-01-02,936660.5932300499,955881.4126786923
2020-01-03,973778.0654903667,982977.0906432992
2020-01-04,987695.6589682394,978209.670817283
2020-01-05,732043.2234044729,979321.609165004
2020-01-06,853480.0284370652,1022075.5958232784
2020-01-07,970966.1223713559,1021438.455161646
2020-01-08,951640.9946814707,1016262.2686292167
2020-01-09,972402.2811467487,1022226.3065943042
2020-01-10,906717.222186982,1015536.0116067044
2020-01-11,851966.2906321798,1009317.4577923713
2020-01-12,890740.1473104405,1005101.4521644949
2020-01-13,909100.4673244195,1012416.8018796552
2020-01-14,826535.6704254035,966790.2876726722
2020-01-15,837033.4702004257,1026493.7993895633
2020-01-16,992786.8569182386,1028986.5698766373
2020-01-17,971649.24277532,1030654.6817705351
2020-01-18,947589.9061375498,1029427.4546078613
2020-01-19,857855.7725251492,1028835.3757378755
2020-01-20,831876.0349099868,999357.0008586015
2020-01-21,995613.8496689394,1018972.2638266645
2020-01-22,814837.4644191241,868945.3286730117
2020-01-23,939243.2904437016,955588.6884782986
2020-01-24,1006406.8835525218,1013301.9069618724
2020-01-25,865480.0082173459,981611.8362947588
2020-01-26,982262.3090967092,969582.8611637476
2020-01-27,971425.7333634752,961230.145751874
2020-01-28,951714.3749156146,1022670.9107559638
2020-01-29,999913.9135759153,1003105.2411507
2020-01-30,864556.076792658,863153.1389241426
2020-01-31,978021.6745149774,980199.1807317632
2020-02-01,981462.352532848,995226.1265768642
2020-02-02,976288.8364069454,996484.152928719
2020-02-03,808762.6025955103,978493.7378934295
2020-02-04,900424.0674603395,953842.7218324225
2020-02-05,979754.2297437389,1026422.2109347688
2020-02-06,977950.9897572632,1025385.5482623586
2020-02-07,1008164.3577070993,1013555.563296565
2020-02-08,1020288.1392735082,1014872.8000327678
2020-02-09,904855.5560560795,1016542.6056837785
2020-02-10,895871.89145884,990829.1877966069
2020-02-11,900779.9249511459,925151.6144797599
2020-02-12,834078.0660504086,861168.4495629517
2020-02-13,929772.36375783,933894.1102072577
2020-02-14,971852.8689426361,970404.7106306173
2020-02-15,913307.5231577789,960645.5137809826
2020-02-16,855537.2264035294,957355.0305647154
2020-02-17,918655.407956039,973189.8934654504
2020-02-18,921083.7666302592,989451.9554883012
2020-02-19,902177.2864420325,960898.502463431
2020-02-20,827247.5733633627,904646.9574817283
2020-02-21,930509.6298031964,996330.8842803151
2020-02-22,958782.9806850195,1000844.1589359582
2020-02-23,959719.6717012197,1001883.805120333
2020-02-24,937301.124994444,967799.5310558066
2020-02-25,931485.7073951653,955075.8912906793
2020-02-26,953833.2283654881,1001659.1769417133
2020-02-27,859848.8847972505,862792.7809596724
2020-02-28,883025.0661777728,854776.4839235574
2020-02-29,1009719.4573727037,855163.6501823216
2020-03-01,810660.059809886,1013180.8152215669
2020-03-02,902200.410620332,1011870.7450102955
2020-03-03,816571.1057675738,985216.002989158
2020-03-04,922010.5296265044,1016995.8534787723
2020-03-05,870175.5599897824,1012533.3327502281
2020-03-06,993278.3282207726,1014242.6294489226
2020-03-07,993033.9802244678,1009369.6023874851
2020-03-08,992303.4533647592,1014278.8003700859
2020-03-09,985521.2250556896,1018013.3827295526
2020-03-10,982136.4076705812,1003200.7789941388
2020-03-11,1005934.2359553211,1027682.5499525125
2020-03-12,1026562.0240651686,1026724.4565725191
2020-03-13,1023175.6709601735,1027162.6744210286
2020-03-14,1031430.7009661228,1023640.8908232859
2020-03-15,980178.5960759538,1022553.2116846045
2020-03-16,1013166.2871661118,1020439.8835834366
2020-03-17,1038397.3472529658,1020901.5949216414
2020-03-18,993628.9495588584,1001917.3139909859
2020-03-19,958901.2613958808,1023790.0707169604
2020-03-20,952156.9524836424,1023295.4750840132
2020-03-21,976920.7314886492,1021088.2393565525
2020-03-22,925541.0652926235,1023311.9203600966
2020-03-23,957801.271985543,1002229.7548462052
2020-03-24,901403.767714897,1017052.6551798866
2020-03-25,873113.4616575695,883406.930272364
2020-03-26,1005439.6980773881,1025860.7943786287
2020-03-27,957510.6446413667,1024649.025549693
2020-03-28,943747.6685547193,1023447.6721673228
2020-03-29,985979.491184712,1024680.2346205901
2020-03-30,931404.5007560167,1022797.8103086572
2020-03-31,992909.8329717214,1016030.784148406
2020-04-01,955038.683287292,978775.2733968835
2020-04-02,990345.6158519159,1008254.8618646084
2020-04-03,991420.1334299723,1011776.8190174535
2020-04-04,999653.1544696107,1017786.6604438124
2020-04-05,973673.4895436993,1019541.7237801981
2020-04-06,1021379.0674267935,1018807.2507997715
2020-04-07,988969.2258085218,991191.8103824182
2020-04-08,941891.5846829225,978097.6392133466
2020-04-09,845961.0317790287,978981.8007703299
2020-04-10,838456.9586999029,958213.4407660455
2020-04-11,884525.5845641406,957871.2755006824
2020-04-12,933410.0540859001,953964.1299067575
2020-04-13,920524.6201281268,930404.5895608125
2020-04-14,882377.3413566471,885627.8407289258
2020-04-15,882622.7735273491,870667.9482143258
2020-04-16,888299.0748053459,915747.1557616153
2020-04-17,931633.7706255546,914310.1968153999
2020-04-18,875526.1728410096,913784.3519206344
2020-04-19,899673.2574833076,914854.5173218241
2020-04-20,842340.4725523815,916437.4606186765
2020-04-21,908462.6021288309,924614.62083272
2020-04-22,814585.5006158021,851240.3987664079
2020-04-23,827091.1391389293,879534.8128059695
2020-04-24,914014.2999305717,957039.428755802
2020-04-25,939395.7812221644,953139.5899045866
2020-04-26,944723.0875935358,956946.9733857951
2020-04-27,936599.3706856383,929512.1497540704
2020-04-28,857637.9062061447,877938.2332512846
2020-04-29,605317.7420369006,714125.4460564886
2020-04-30,815171.6779416972,847610.2459414745
2020-05-01,876709.0533669088,852607.5429071593
2020-05-02,855298.7763830967,863255.6661699597
2020-05-03,833082.906082706,858726.1644542079
2020-05-04,804843.4587475104,825763.8595476566
2020-05-05,772009.7440197406,777112.2190798215
2020-05-06,813640.2853596729,817501.5325832162
2020-05-07,786793.0082121061,831768.4510517411
2020-05-08,869025.1567250037,869837.0799519218
2020-05-09,909304.53799621,915216.2465638573
2020-05-10,901275.360441409,904912.5912267312
2020-05-11,886847.2341081483,892881.6308454497
2020-05-12,778136.0211690988,808221.4967910042
2020-05-13,831801.4633176373,812819.007488765
2020-05-14,824638.2575211059,809501.7064474969
2020-05-15,893897.7099234406,883319.6769322591
2020-05-16,907753.2195581958,906344.7829660232
2020-05-17,913469.3312283485,903338.177977137
2020-05-18,794738.8846665486,889949.2195257163
2020-05-19,708960.3624098613,783796.248797217
2020-05-20,726124.1770505131,812688.3471152654
2020-05-21,885665.6157632142,901781.4858372307
2020-05-22,900438.9240971339,926094.3783372241
2020-05-23,907921.9428536579,922319.4770521555
2020-05-24,864286.1845830808,917926.3664252328
2020-05-25,866520.1109765437,917354.6859415198
2020-05-26,949870.6649885146,938694.9205426634
2020-05-27,775658.6487072529,787461.9743515218
2020-05-28,912045.4894784312,981943.0946536405
2020-05-29,951475.0358979148,973824.384673251
2020-05-30,940240.9355341608,970902.3360636589
2020-05-31,840976.4869336404,977933.8882789132
2020-06-01,845579.9293564014,865674.0049906076
2020-06-02,858589.6570127998,894355.2529338764
2020-06-03,887824.8148961143,895208.3557540986
2020-06-04,929079.0303355283,895829.4911904079
2020-06-05,973594.3803117772,985733.7336380638
2020-06-06,831552.7684484102,967123.4041220025
2020-06-07,877997.5948914452,964655.9080012079
2020-06-08,951951.6100474267,995269.5648303563
2020-06-09,918402.3492774472,971549.0799304303
2020-06-10,823765.192990528,880512.001356082
2020-06-11,822129.0857174953,831251.4782779521
2020-06-12,915852.0564085889,994801.5012886663
2020-06-13,930367.4160046673,994642.1266510908
2020-06-14,887893.6057324037,995736.5277388197
2020-06-15,975042.3399481608,972215.7351586779
2020-06-16,913945.5768920747,937893.3236210693
2020-06-17,889965.2494685367,923355.0592941999
2020-06-18,969002.1315700309,1002434.2822716206
2020-06-19,978439.85045721,1000764.4752557541
2020-06-20,963011.1492102788,996685.6106287229
2020-06-21,997649.8746700332,992972.9519927244
2020-06-22,897947.4487348567,930032.4960598516
2020-06-23,776503.3271574465,782065.7999413837
2020-06-24,967100.3596589523,983361.7602351526
2020-06-25,1488157.2941810158,1454316.674089726
2020-06-26,964095.5876991454,994680.757523031
2020-06-27,992881.3734381478,994207.594652592
2020-06-28,891580.9330090676,993212.3432704315
2020-06-29,976446.8081593917,1004107.9197250676
2020-06-30,878144.7047383109,935600.7306075618
2020-07-01,978083.4885153106,1003925.8818618648
2020-07-02,912306.6587688312,997664.6322212717
2020-07-03,890987.1912598301,987974.0720009732
2020-07-04,932414.3624212516,990081.8169219288
2020-07-05,958989.0323882669,993595.1467866511
2020-07-06,973792.700060872,1013881.4046015805
2020-07-07,987540.622104745,1012380.3127626105
2020-07-08,924415.4554090932,925286.5585049503
2020-07-09,993981.8816460324,998989.2135175471
2020-07-10,1021582.8238419904,1001893.8781873106
2020-07-11,998110.0249241354,984738.6722472894
2020-07-12,927690.2399623116,955990.1037417931
2020-07-13,935372.307100923,951564.9011987719
2020-07-14,969948.3291976309,998816.6830201645
2020-07-15,851264.7331133607,1008139.1884752136
2020-07-16,946535.311104481,976928.2055157111
2020-07-17,869549.7737918146,982253.8870689515
2020-07-18,902397.3924450603,911861.1725019574
2020-07-19,809497.6514924332,901963.940280848
2020-07-20,898552.6770799163,924289.2298241954
2020-07-21,927178.6561589792,903891.1774763222
2020-07-22,734026.4840325795,810611.6472520354
2020-07-23,869942.7222493285,923410.3386675284
2020-07-24,942229.7636319996,925914.9234347631
2020-07-25,940561.7748904281,932361.3991565353
2020-07-26,941632.2602516095,926034.0146137426
2020-07-27,851146.9671912168,922242.5663228196
2020-07-28,936389.5702444003,924674.1154146685
2020-07-29,924756.0076869384,926412.4453502496
2020-07-30,925025.5841339037,905873.2662423108
2020-07-31,882293.4713747101,887524.3323215543
2020-08-01,863903.3715522452,886146.3273854803
2020-08-02,837949.3390101485,892705.8772503785
2020-08-03,889258.5018543919,965927.8329390949
2020-08-04,805052.3166802244,987590.7647419021
2020-08-05,790811.0115949506,1000691.6651596061
2020-08-06,847170.083143419,952240.7787803408
2020-08-07,861093.2972750406,896809.2492424295
2020-08-08,862315.6257623606,895387.1540024988
2020-08-09,673000.1007611614,805723.0766747233
2020-08-10,542810.195720627,660007.8964591078
2020-08-11,558925.3584786729,674083.5015365646
2020-08-12,575958.2583580719,579128.8487932961
2020-08-13,552157.4907445256,580458.3108640834
2020-08-14,721150.7763992737,787158.8688225336
2020-08-15,780999.9862901106,866431.3538092775
2020-08-16,758829.0977055782,971503.2852173459
2020-08-17,883486.593772081,999007.2295080841
2020-08-18,1008548.5366261983,1009245.5827217478
2020-08-19,918896.0605385548,997747.7395871879
2020-08-20,962843.7495856048,1011998.7997346063
2020-08-21,908800.3662003133,999143.2820084023
2020-08-22,830252.9294147184,994943.3958587791
2020-08-23,748903.8643344458,882085.687244061
2020-08-24,730308.5216538239,845215.1615706721
2020-08-25,815649.7796718655,845163.1989035769
2020-08-26,783138.4134876308,842621.8113360122
2020-08-27,796081.7093776276,840974.035273663
2020-08-28,834792.547936064,850675.2808180558
2020-08-29,840167.5798709114,946510.2159368955
2020-08-30,939905.2046368683,1008410.2738588298
2020-08-31,956965.2284699046,1003993.3589536349
2020-09-01,1018716.6723166431,1008202.8814007393
2020-09-02,1005397.0867324716,1003111.4984563829
2020-09-03,991008.884180383,980116.7974227945
2020-09-04,819716.150050462,858325.5105764405
2020-09-05,976109.50536275,985753.6133186204
2020-09-06,923281.7837044572,986837.0236249489
2020-09-07,843304.5967848139,892216.4908225306
2020-09-08,857428.2888971402,892968.8860924877
2020-09-09,924390.1709729771,902689.7665348226
2020-09-10,854576.2319775522,842875.8403224085
2020-09-11,868010.7255730663,845484.4223982679
2020-09-12,810764.6992136231,882732.6425948328
2020-09-13,825892.4107256626,881344.9903406537
2020-09-14,852320.5689497433,831079.3202070442
2020-09-15,702948.8166097202,752091.7259440642
2020-09-16,669345.1380768009,689570.9228260444
2020-09-17,765201.1532118673,780124.3426892296
2020-09-18,799584.5445966505,778475.2077175868
2020-09-19,749130.2145663977,741977.1031162427
2020-09-20,700358.7662817945,745265.5017154044
2020-09-21,772116.254096273,782080.5362414925
2020-09-22,811598.7439566631,794172.6813681482
2020-09-23,844998.0444211236,881936.2068500539
2020-09-24,884305.9549887448,908589.6236115033
2020-09-25,883180.1839951004,891717.4693440404
2020-09-26,870328.4733772496,873368.9506423536
2020-09-27,753844.9977316604,875385.5308413766
2020-09-28,898789.7601625266,909731.3157194663
2020-09-29,909653.1716569279,960947.423419318
2020-09-30,779046.9862443153,856145.9547392916
2020-10-01,782973.8976781212,886795.4575395192
2020-10-02,764165.4978443503,974729.2527958942
2020-10-03,990985.4836880623,985371.5130943494
2020-10-04,973392.6240405607,984128.183142218
2020-10-05,964562.0175245885,977577.4738447637
2020-10-06,888151.9031281954,922782.2258343966
2020-10-07,944690.4945422716,982494.2942785209
2020-10-08,962357.8172134098,988621.3526436879
2020-10-09,906333.6929295098,976543.8302978398
2020-10-10,913408.3827052902,973688.391119039
2020-10-11,956622.8986043804,1011389.7026701481
2020-10-12,941814.541472324,978997.7756217336
2020-10-13,878162.9452749225,980876.4466394124
2020-10-14,958914.6486030124,988090.7374457127
2020-10-15,1021515.354541165,1008656.4190938114
2020-10-16,1003622.4121614686,980158.0849794594
2020-10-17,986896.2361853357,987183.380508854
2020-10-18,960013.0417143063,981915.1846895665
2020-10-19,935356.549763292,1032739.7775094674
2020-10-20,1003027.3545255607,1025156.1863130619
2020-10-21,995326.4257883357,1039336.6499953804
2020-10-22,979217.081456936,1041157.4168475477
2020-10-23,921571.7413122529,1036984.066053693
2020-10-24,988595.2395553476,1042703.303677539
2020-10-25,928981.5479815984,1038455.7828021223
2020-10-26,968008.2520934241,1035434.1282048668
2020-10-27,996089.936578882,1043953.5860063263
2020-10-28,988747.5027885513,1039068.1705859482
2020-10-29,963550.261789356,1039382.0798370315
2020-10-30,1027583.8734741759,1031745.5631762146
2020-10-31,1042887.68174403,1027666.871707801
2020-11-01,984237.7487500308,1028298.5674652766
2020-11-02,1039434.63433867,1041344.5558091525
2020-11-03,1009581.3208380206,1038443.5142231096
2020-11-04,984719.3438624835,996147.2897999891
2020-11-05,1010221.923479607,1041743.4090930152
2020-11-06,909408.2684546914,1017719.9385549315
2020-11-07,906314.6506486951,1016733.9856259539
2020-11-08,852330.1188277206,1009560.3274452293
2020-11-09,953935.385282067,1043173.4666970994
2020-11-10,899361.733828227,952512.6348580255
2020-11-11,1024340.9662228231,1045697.7291102842
2020-11-12,960607.1897504246,1042233.5017380754
2020-11-13,984556.3766045892,1026783.0358626478
2020-11-14,1044618.8474832352,1028752.3044839483
2020-11-15,954052.0888813614,1029338.222333748
2020-11-16,976775.5261126899,1037350.5985387136
2020-11-17,963960.2854900486,1021419.3642016889
2020-11-18,817899.4431381755,920765.7011149274
2020-11-19,895968.7869350343,980284.1533267077
2020-11-20,975969.0353329981,1046217.7018737367
2020-11-21,967976.2842961795,1041595.9892819636
2020-11-22,821001.5385215143,1043319.8643735582
2020-11-23,1065506.0456240203,1042707.5620565165
2020-11-24,1024861.3745501018,1036185.5014512801
2020-11-25,1024859.1188572776,1041591.740060723
2020-11-26,964185.3865428205,1041181.3855032433
2020-11-27,993646.7427957627,1037086.312209962
2020-11-28,1008080.2364262192,1043626.858350492
2020-11-29,988407.7230640452,1037366.8104145067
2020-11-30,1014630.7961229169,1026977.8168263729
2020-12-01,978825.119186618,1031302.2059065368
2020-12-02,940809.2938255502,1032115.6835155481
2020-12-03,965301.1364564056,1008268.7891642569
2020-12-04,1018523.7487538203,1009586.2963436653
2020-12-05,990024.4203775648,1040755.900075907
2020-12-06,956805.2258472219,1021044.8726909328
2020-12-07,1040284.2076687057,1047977.9647009826
2020-12-08,1001184.3614173222,1029414.2107885671
2020-12-09,948440.4107482285,944728.5274478168
2020-12-10,832631.6296069473,957822.2043423426
2020-12-11,984215.5435161714,1011886.7945687412
2020-12-12,930213.0584403734,1011579.8579115565
2020-12-13,959766.2634803368,1021448.6201485636
2020-12-14,975605.2619578746,1023066.2759818207
2020-12-15,968315.4110431991,1035869.2297995837
2020-12-16,801292.7651419144,900944.7175852353
2020-12-17,658524.9937984584,949426.8442002869
2020-12-18,785395.965932127,1047710.1906324711
2020-12-19,866252.4506340527,1045583.0826456563
2020-12-20,941433.0367829626,1048402.0362119711
2020-12-21,883932.3775789825,1048128.2531248474
2020-12-22,971807.4953034234,1052392.0608641596
2020-12-23,903151.92532304,1001141.3626285063
2020-12-24,792773.9482937517,990073.9320058695
2020-12-25,848127.729056673,941443.256145319
2020-12-26,800939.1570109404,980773.439904312
2020-12-27,975701.6483858861,1037107.1887347503
2020-12-28,1011896.0187003688,1014354.231712502
2020-12-29,922540.6669788928,971835.5372636613
2020-12-30,1007769.3041690326,1047538.8211250694
2020-12-31,1018169.8102921695,1046998.7429717924
